auction_title,auction_url,auction_date,auction_location,url,title,currency,low_estimate,high_estimate,realised_price,description,year,reference
Royal & Noble,https://www.sothebys.com/en/buy/auction/2022/royal-noble,3–20 January 2022,London,https://www.sothebys.com/en/buy/auction/2022/royal-noble/a-victorian-green-painted-and-verdigris-copper,"A Victorian green painted and verdigris copper wall lantern, 19th century",GBP,"1,200","1,800","1,260"," Property of a Scottish Noblewoman A Victorian green painted and verdigris copper wall lantern 19th century  with original burner, curved glass body and glass base, glass with historic crack 74cm. high, 41cm. wide to fixing points, 28cm. deep; 2ft. 5in., 1ft. 4in., 11in.",,
Royal & Noble,https://www.sothebys.com/en/buy/auction/2022/royal-noble,3–20 January 2022,London,https://www.sothebys.com/en/buy/auction/2022/royal-noble/a-pair-of-continental-carved-and-painted-stags,"A pair of Continental carved and painted stags heads, probably German or Austrian, late 17th century",GBP,"10,000","15,000","13,860"," A pair of Continental carved and painted stags heads, probably German or Austrian, late 17th century  the trophy antlers and head attached to a cartouche-shaped painted Baroque panel carved with scrolls and putti 88cm. high, 35cm. wide, 35.5cm. deep; 2ft. 105⁄8in., 1ft. 13⁄4in., 1ft. 2in.",,
Royal & Noble,https://www.sothebys.com/en/buy/auction/2022/royal-noble,3–20 January 2022,London,https://www.sothebys.com/en/buy/auction/2022/royal-noble/a-german-carved-giltwood-mirror-third-quarter-18th,"A German carved giltwood mirror, third quarter 18th century",GBP,"3,000","5,000","3,528"," Property removed from Fenton House to be sold on behalf of the 7th Earl of Durham A German carved giltwood mirror, third quarter 18th century  the divided arched plate within a frame carved with pierced rocaille, scrolls, flowerheads and foliage, some associated glass panels, restorations 194cm. high, 86cm. wide; 6ft. 43⁄8in., 2ft. 97⁄8in.",,
Royal & Noble,https://www.sothebys.com/en/buy/auction/2022/royal-noble,3–20 January 2022,London,https://www.sothebys.com/en/buy/auction/2022/royal-noble/a-sevres-biscuit-figure-group-la-fee-urgele-or-ce,"A Sèvres biscuit figure group 'La Fée Urgèle' or 'Ce Qui Plaît aux Dames', circa 1767-73",GBP,"1,500","2,500","1,890"," The Property of the Marquess of Lothian A Sèvres biscuit figure group 'La Fée Urgèle' or 'Ce Qui Plaît aux Dames' circa 1767-73  modelled by Etienne-Maurice Falconet, the young man in armour leaning over the seated young girl at his side, his helmet and shield leaning against a tree stump behind them, a basket of flowers at her feet, incised cursive letter B to top edge of base 20.2cm., 8in. high",1767,
Royal & Noble,https://www.sothebys.com/en/buy/auction/2022/royal-noble,3–20 January 2022,London,https://www.sothebys.com/en/buy/auction/2022/royal-noble/a-coalport-part-dessert-service-circa-1810-20,"A Coalport part-dessert service, circa 1810-20",GBP,"3,000","4,000","3,780"," The Property of the Marquess of Lothian A Coalport part-dessert service circa 1810-20  painted with flower-specimens, within moulded foliate scroll borders and gilded rims, comprising:  -a high-footed centrepiece on acanthus leaf support, 20.3cm., 8in. high, -two small sauce-tureen and covers with rose-bud knops, 18cm., 7in. across handles, -four shell shaped dishes, 23cm., 9in. wide, -three oval-dishes, 26cm., 10 1⁄4 in. wide, -three square-shaped dishes, 22cm., 8 5⁄8 in. wide, -and 20 plates, 21.5cm., 8 1⁄2 in. diam., some pieced with printed Coalport Felspar Porcelain marks, specimen titles in iron-red script, painted numerals,  together with an English porcelain low-footed rectangular dish and an oval dish painted with flowers, and a pair of English porcelain toilet boxes and covers the high-footed centrepiece, 20.3cm., 8in. high (41)",1810,
Royal & Noble,https://www.sothebys.com/en/buy/auction/2022/royal-noble,3–20 January 2022,London,https://www.sothebys.com/en/buy/auction/2022/royal-noble/a-set-of-eighteen-derby-botanical-plates-first,"A set of eighteen Derby botanical plates, first quarter 19th century",GBP,"8,000","12,000",," The Property of the Marquess of Lothian A set of eighteen Derby botanical plates first quarter 19th century  each painted with specimens from Curtis's Botanical, within a two colour gilt leaf border, including specimens 'Purple Iris.', 'Anemone', 'Carnation', 'Double Poppy', 'Elder Scented Iris.', 'Convovulus Minor.', 'Convolvulus Major.', 'Chinese Apple Blossom', 'Dwarf Nasturtium', 'Spatlin Poppy.', 'Mundi Rose', 'Moss Rose', 'Wild Rose', 'Auricula.', 'Martagon Lily.', and 'Orange Lily', crowned D and crossed batons mark in iron-red, pattern number 115 specimen titles, most with painter's numeral 2, three with numeral 8 23.5cm., 91⁄4in. diam. (18)",,
Royal & Noble,https://www.sothebys.com/en/buy/auction/2022/royal-noble,3–20 January 2022,London,https://www.sothebys.com/en/buy/auction/2022/royal-noble/an-english-porcelain-part-dessert-service-possibly,"An English porcelain part-dessert service, possibly Ridgway, circa 1830",GBP,500,700,630," The Property of the Marquess of Lothian An English porcelain part-dessert service, possibly Ridgway circa 1830  decorated with gilt scrolls on a salmon pink ground within broad blue and gilt borders, comprising two fruit coolers and covers, with angular knop and handles on four feet, four shell-shaped dishes and a rectangular dish on four feet the fruit cooler, 28.5cm., 111⁄4in. high (9)",1830,
Royal & Noble,https://www.sothebys.com/en/buy/auction/2022/royal-noble,3–20 January 2022,London,https://www.sothebys.com/en/buy/auction/2022/royal-noble/an-engraved-crested-glass-part-table-service-late,"An engraved crested glass part-table service, late 19th century",GBP,800,"1,200","1,008"," The Property of the Marquess of Lothian An engraved crested glass part-table service late 19th century  each piece frosted or opaque, engraved and gilded with the interlaced LL monogram for Lothian surmounted with a Marquess' coronet, comprising: a water jug, two large water goblets, five wine glasses, six wine-glass rinsers and six plates. the jug 28.4cm., 111⁄8in. high (20)",,
Royal & Noble,https://www.sothebys.com/en/buy/auction/2022/royal-noble,3–20 January 2022,London,https://www.sothebys.com/en/buy/auction/2022/royal-noble/imperial-a-fine-set-of-eleven-damask-linen-napkins,"IMPERIAL: A fine set of eleven damask linen napkins commissioned for the table of Emperor Napoleon III of France, third quarter 19th century, probably English",GBP,800,"1,200","5,292"," IMPERIAL: A fine set of eleven damask linen napkins commissioned for the table of Emperor Napoleon III of France, third quarter 19th century, probably English  each centered by the Imperial armorial amongst bees, the borders with alternating crowned eagles and the Imperial crowned cypher with a wreath of berried laurel, each embroidered to the corner in white and red thread, 'LN' each approx. 106 by 89cm.",,
Royal & Noble,https://www.sothebys.com/en/buy/auction/2022/royal-noble,3–20 January 2022,London,https://www.sothebys.com/en/buy/auction/2022/royal-noble/an-extensive-continental-porcelain-harlequin-tea,"An extensive continental porcelain Harlequin tea and coffee service, second-half 19th century",GBP,500,700,"4,788"," The Property of the Marquess of Lothian An extensive continental porcelain Harlequin tea and coffee service second-half 19th century  brightly enamelled in an array of coloured grounds, reserving the interlaced LL monogram of Lothian surmounted with a Marquess' coronet, comprising:  -32 coffee cups, -13 tea cups, -8 espresso cups and 64 saucers, the teacups and saucers with decorator's script mark Lerosey/11 rue de la paix in iron-red, incised marks, the coffee cup saucers with impressed F&M164 for Fischer & Mieg,  together with Two Höchst coffee cups, circa 1770, painted with flower initials A and C respectively, wheel marks in underglaze-blue, incised marks (119)",1770,
Royal & Noble,https://www.sothebys.com/en/buy/auction/2022/royal-noble,3–20 January 2022,London,https://www.sothebys.com/en/buy/auction/2022/royal-noble/a-vienna-transparent-enamelled-topographical,"A Vienna transparent-enamelled topographical beaker, Ranftbecher, circa 1815-20",GBP,"2,000","3,000","6,930"," The Property of the Marquess of Lothian A Vienna transparent-enamelled topographical beaker, Ranftbecher circa 1815-20  of cylindrical waisted form painted with a titled view 'Vue de l'Eglise A Charles à Vienne.', within gilt and amber borders, upon a cogwheel cut foot, with amber-stained star-cut underside, signed with the monogram AK to the edge of the foot-rim for Anton Kothgasser 12cm., 43⁄4in. high",1815,
Royal & Noble,https://www.sothebys.com/en/buy/auction/2022/royal-noble,3–20 January 2022,London,https://www.sothebys.com/en/buy/auction/2022/royal-noble/an-engraved-and-cut-glass-part-table-service-19th,"An engraved and cut-glass part-table service, 19th century",GBP,"1,500","2,500","6,048"," The Property of the Marquess of Lothian An engraved and cut-glass part-table service 19th century  cut with vertical panels alternating with engraved grape vine and panels of diaper within foliate scrolls, comprising:  - three decanters and stoppers of globe and shaft form, 28.2cm., 11 1/8 in. high, - a similar smaller decanter and stopper, 25cm., 9 7/8 in. high, - a mallet-shaped decanter and stopper, 22.5cm., 8 7/8 in. high, - and 2 further small decanters, - 11 wine glasses with thistle-shaped bowls on facet cut stems, 16.3cm., 6 3/8 in. high - and 8 water goblets 15.3cm., 6in. high; and three additional stoppers (34)",,
Royal & Noble,https://www.sothebys.com/en/buy/auction/2022/royal-noble,3–20 January 2022,London,https://www.sothebys.com/en/buy/auction/2022/royal-noble/queen-marys-present-an-english-porcelain-turquoise,"Queen Mary's Present: An English porcelain turquoise-ground part dinner service, circa 1885",GBP,600,800,"4,410"," Queen Mary's Present: An English porcelain turquoise-ground part dinner service circa 1885  painted with gilt and blue ground borders, comprising:  -a circular tureen, -a large oval tureen and cover, -three smaller oval tureens and covers, -three similar oval tureens and covers, -a two-handled serving dish, -two oval serving dishes, -two smaller oval serving dishes, -three small two-handled serving dishes, -eighteen soup plates, -twenty-five dinner plates, -twenty-one dessert plates; restorations",1885,
Royal & Noble,https://www.sothebys.com/en/buy/auction/2022/royal-noble,3–20 January 2022,London,https://www.sothebys.com/en/buy/auction/2022/royal-noble/a-gilt-and-patinated-bronze-mantel-clock-french,"A gilt and patinated bronze mantel clock, French, circa 1840",GBP,"2,000","3,000","2,394"," Property removed from Fenton House to be sold on behalf of the 7th Earl of Durham A gilt and patinated bronze mantel clock, French, circa 1840  4-inch foliate cast dial with enamel cartouch numerals, the Raingo Freres movement with silk suspension and outside count wheel striking on a bell, the case surmounted by a flower and fruit-filled rococo vase and flanked by reclining neo-classical female figures on a scrolled foliate-cast breakfront base, 40cm 153⁄4in high; 59cm 23in wide",1840,
Royal & Noble,https://www.sothebys.com/en/buy/auction/2022/royal-noble,3–20 January 2022,London,https://www.sothebys.com/en/buy/auction/2022/royal-noble/a-silver-chainmail-drawstring-purse-early-19th,"A silver chainmail drawstring purse, early 19th century",GBP,200,300,252," The Property of the Marquess of Lothian A silver chainmail drawstring purse early 19th century  escutcheon shape, silvered drawstring and two tassels, a filigree ball at each end 100mm. by 80mm. 61.6gr.; 1oz 18dwt",,
Royal & Noble,https://www.sothebys.com/en/buy/auction/2022/royal-noble,3–20 January 2022,London,https://www.sothebys.com/en/buy/auction/2022/royal-noble/gold-and-gem-set-necklace-mid-19th-century,"Gold and gem-set necklace, mid 19th century",GBP,"1,000","1,500","9,450"," The Property of the Marquess of Lothian Gold and gem-set necklace mid 19th century  Composed of a snake link chain suspending five gem-set pendants, each designed as a radiating sun motif, modelled on the Lothian crest, set with mixed-cut rubies, sapphires, garnets and cabochon amethysts, moonstones and rose diamonds, all with locket reverse, length approximately 390mm, four small stones deficient",,
Royal & Noble,https://www.sothebys.com/en/buy/auction/2022/royal-noble,3–20 January 2022,London,https://www.sothebys.com/en/buy/auction/2022/royal-noble/a-royal-commemorative-gold-ring-circa-1821,"A Royal commemorative gold ring, circa 1821",GBP,"4,000","6,000","4,788"," A Royal commemorative gold ring, circa 1821  decorated with roses and other flowers in high relief, centred with a Royal crown, opening to reveal brunette hair under domed glass, the inside of the ring engraved with an inscription reading: In Memory of / Caroline of Brunswick / the Injured Queen of England / Nat: 17 May 1768, ob. 7 August 1821., in modern case 2.4cm., 1 in. wide; inner width 1.8cm. diameter ",1821,
Royal & Noble,https://www.sothebys.com/en/buy/auction/2022/royal-noble,3–20 January 2022,London,https://www.sothebys.com/en/buy/auction/2022/royal-noble/an-austro-hungarian-parcel-gilt-silver-polychrome,"An Austro-Hungarian parcel-gilt silver, polychrome enamel and gem-set officer's riding Dress equipage, 19th century",GBP,"3,000","5,000",," An Austro-Hungarian parcel-gilt silver, polychrome enamel and gem-set officer's riding Dress equipage 19th century  comprising: belt with hanging mount (for sword) incorporating three large roundels, a pair of spurs, 20 small buttons, 8 medium buttons and 6 large buttons, centered by pearls and surrounded by polychrome enameled flowers and strapwork, interspaced with rubies, emeralds, pearls and diamonds, two buckles with French control marks Belt section approx. without hanging mount. 105cm, 41in long",,
Royal & Noble,https://www.sothebys.com/en/buy/auction/2022/royal-noble,3–20 January 2022,London,https://www.sothebys.com/en/buy/auction/2022/royal-noble/a-gold-mounted-hardstone-desk-seal-19th-century,"A gold-mounted hardstone desk seal, 19th century",GBP,"1,000","1,500","2,520"," A gold-mounted hardstone desk seal, 19th century  of upright tapering form, the handle of grey hardstone, the stepped gold mounts chased and engraved with a leafy band centred with a flower to each side and zig zag border, the oval pale brown hardstone matrix engraved with a Rothschild coat of arms including motto 'Concordia, Integritas, Industria', 6.5cm., 21⁄2in. high ",,
Royal & Noble,https://www.sothebys.com/en/buy/auction/2022/royal-noble,3–20 January 2022,London,https://www.sothebys.com/en/buy/auction/2022/royal-noble/a-parcel-gilt-silver-royal-presentation-box,"A parcel-gilt silver royal presentation box, Cartier, London, 1993",GBP,500,700,"4,032"," A parcel-gilt silver royal presentation box, Cartier, London, 1993  rectangular, shaped as an envelope with gilt edges, the lid centred with the engraved plumed cipher of the Prince of Wales, gold pushpiece, fully hallmarked, the rim signed: Cartier London, further engraved '925', serial number R08094, in original tooled red leather case stamped: Cartier / London 175 New Bond St / Paris 13 Rue de la Paix / New York 653 5th Avenue 6.2cm., 2 3/8 in. wide (2)",1993,
Royal & Noble,https://www.sothebys.com/en/buy/auction/2022/royal-noble,3–20 January 2022,London,https://www.sothebys.com/en/buy/auction/2022/royal-noble/a-pearl-set-gold-brooch-together-with-a-lidded,"A pearl-set gold brooch, together with a lidded enamelled pendant in the form of a mango, India, 19th/early 20th century",GBP,300,500,"1,386"," The Property of the Marquess of Lothian A pearl-set gold brooch, together with a lidded enamelled pendant in the form of a mango, India, 19th/early 20th century  comprising a circular gold pendant worked with filigree set with radiating petals fitted with freshwater pearls, mounted as a brooch with vertical hook for attaching, the mango-shaped pendant with hinged lid for opening, composed of gold with enamel decoration featuring floral motifs on a lavender ground 4.5cm.; and 3.3cm. (2)",,
Royal & Noble,https://www.sothebys.com/en/buy/auction/2022/royal-noble,3–20 January 2022,London,https://www.sothebys.com/en/buy/auction/2022/royal-noble/a-silver-and-tortoiseshell-triple-cased-verge,"A silver and tortoiseshell triple cased verge watch no. 77056 for the Turkish market with silver protective case, Edward Prior, London, circa 1866",GBP,600,800,"2,520"," The Property of the Marquess of Lothian A silver and tortoiseshell triple cased verge watch no. 77056 for the Turkish market with silver protective case, Edward Prior, London, circa 1866  gilt full plate movement, verge escapement, decoratively pierced and engraved balance cock, ruby endstone, chain and fuse, crested Egyptian pillars, movement signed and numbered Edwd. prior, London, 77059; white enamel dial, Turkish numerals, outer Turkish minute ring, blued steel beetle and poker hands, signed Edward Prior, London; plain silver tapered case, marked AT and hallmarked London 1866, silver inner case decoratively engraved and chased with flowers and foliage, hallmarked London 1866, tortoiseshell and silver outer case with silver pique work, associated plain silver-coloured metal conical outer protective case diameter with outer case 66 mm / without 54 mm",1866,
Royal & Noble,https://www.sothebys.com/en/buy/auction/2022/royal-noble,3–20 January 2022,London,https://www.sothebys.com/en/buy/auction/2022/royal-noble/a-gold-pair-cased-watch-thomas-mudge-and-william,"A gold pair cased watch, Thomas Mudge and William Dutton, London, circa 1788",GBP,"1,000","1,500","3,276"," The Property of the Marquess of Lothian A gold pair cased watch, Thomas Mudge and William Dutton, London, circa 1788  gilt full plate movement, later lateral lever escapement, decoratively pierced and engraved masked balance cock, diamond endstone, chain and fusee, square blauster pillars, gilt metal cap, movement and cap signed and numbered Tho. Mudge, W. Dutton, London, 1369; later white enamel dial, Roman numerals, outer minute ring, blued steel hands; plain 18k gold case, winding square to back, plain 18k outer gold case, both marked JC, the inner with an axe above, for Joseph Canter, both hallmarked London 1788 diameter 56 mm",1788,
Royal & Noble,https://www.sothebys.com/en/buy/auction/2022/royal-noble,3–20 January 2022,London,https://www.sothebys.com/en/buy/auction/2022/royal-noble/a-gold-pair-cased-cylinder-watch-no-1578-with,"A gold pair cased cylinder watch no. 1578 with centre seconds, Arthur Dobson, London, circa 1748",GBP,"1,200","1,800","3,024"," The Property of the Marquess of Lothian A gold pair cased cylinder watch no. 1578 with centre seconds, Arthur Dobson, London, circa 1748  gilt full plate movement, cylinder escapement, decoratively pierced and engraved masked balance cock, diamond endstone, chain and fusee, rounded baluster pillars, gilt metal cap, movement signed Artr Dobson, London, No. 1578; white enamel dial, Roman numerals, outer Arabic minute track, centre seconds, blued steel beetle and poker hands; plain 18k gold inner case, winding square to back, plain 18k gold outer case, both marked DA and hallmarked London 1748 diameter 50 mm",1748,
Royal & Noble,https://www.sothebys.com/en/buy/auction/2022/royal-noble,3–20 January 2022,London,https://www.sothebys.com/en/buy/auction/2022/royal-noble/portrait-of-a-lady-half-length-wearing-a-white-and,Circle of Cornelis Jonson,GBP,"3,000","4,000","22,680"," Property removed from Fenton House to be sold on behalf of the 7th Earl of Durham Circle of Cornelis Jonson Portrait of a lady, half-length, wearing a white and gold embroidered dress, said to be Lucy (1580-1627), daughter of Lord Harrington of Exeter and wife of the Earl of Bedford  oil on oak panel unframed: 78.1 x 61.1 cm.; 303⁄4 x 24 in. framed: 96.3 x 81.2 cm.; 377⁄8 x 32 in.",1627,
Royal & Noble,https://www.sothebys.com/en/buy/auction/2022/royal-noble,3–20 January 2022,London,https://www.sothebys.com/en/buy/auction/2022/royal-noble/a-gold-half-hunting-cased-keyless-duplex-watch-no,"A gold half-hunting cased keyless duplex watch no. 3035, with chain key and seals, C. F. Hancock, London, circa 1874",GBP,500,700,"4,788"," The Property of the Marquess of Lothian A gold half-hunting cased keyless duplex watch no. 3035, with chain key and seals, C. F. Hancock, London, circa 1874  gilt full plate movement, duplex escapement, signed and numbered C.F. Hancock, 39 Bruton Street, London, no. 3035; white enamel dial, Roman numerals, outer minute track, recessed subsidiary dial for constant seconds in Arabic numerals at 3, blued steel hands, signed C.F. Hancock, Bruton Street, London; 18k gold half-hunter case, the front with central aperture and Roman numerals and inner minute ring, surrounding scroll cartouche reading 'Sero Sed Serio', a stags head and sun above,  the rear with engraved coat of arms consisting of a central shield flanked by angels scroll beneath reading 'forward in the name of God', snap-on caseback, case marked AN, hallmarked for London 1874 and numbered 3035; together with a 18k gold chain with key, winder and crested hardstone intaglio seals diameter 44.5 mm",1874,
Royal & Noble,https://www.sothebys.com/en/buy/auction/2022/royal-noble,3–20 January 2022,London,https://www.sothebys.com/en/buy/auction/2022/royal-noble/a-victorian-oak-silver-chest-19th-century,"A Victorian oak silver chest, 19th century",GBP,400,600,378," Property from a Scottish Noble Family A Victorian oak silver chest, 19th century  with shaped top and iron hasps, the pink papered interior with a lift out suede lined tray and compartmentalised base 52cm. high, 77cm. wide, 57cm. deep; 1ft. 81⁄2in., 2ft. 61⁄2in., 1ft. 10 1⁄2in.",,
Royal & Noble,https://www.sothebys.com/en/buy/auction/2022/royal-noble,3–20 January 2022,London,https://www.sothebys.com/en/buy/auction/2022/royal-noble/a-victorian-assembled-suite-of-fireplace-furniture,"A Victorian assembled suite of fireplace furniture, second half 19th century",GBP,800,"1,200",126," The Property of the Marquess of Lothian A Victorian assembled suite of fireplace furniture, second half 19th century  comprising a large brass curb fender with integral andirons and steel base, a pair of Louis XIV style brass grate supports, an early Victorian brass mounted and polished steel composite set of fire irons 20cm. high, 182cm. wide, 33.5cm. deep; 8in., 5ft. 113⁄4in., 1ft. 11⁄4in.",,
Royal & Noble,https://www.sothebys.com/en/buy/auction/2022/royal-noble,3–20 January 2022,London,https://www.sothebys.com/en/buy/auction/2022/royal-noble/a-victorian-wire-and-brass-double-railed-nursery,"A Victorian wire and brass double-railed nursery fender, 19th century",GBP,"1,200","1,800",630," Property from a Scottish Noble Family A Victorian wire and brass double-railed nursery fender, 19th century  the wire white painted 70.5cn. high, 153.5cm. widest point, 47.5cm.; 2ft. 33⁄4in., 5ft. 1/2in., 1ft. 63⁄4 in.",,
Royal & Noble,https://www.sothebys.com/en/buy/auction/2022/royal-noble,3–20 January 2022,London,https://www.sothebys.com/en/buy/auction/2022/royal-noble/a-victorian-assembled-suite-of-fireplace-furniture-2,"A Victorian assembled suite of fireplace furniture, second half 19th century",GBP,800,"1,200",126," The Property of the Marquess of Lothian A Victorian assembled suite of fireplace furniture, second half 19th century  comprising a large brass curb fender with integral andirons and steel base, a pair of Louis XIV style brass grate supports, an early Victorian polished steel composite set of fire irons and a George III polished steel grate scraper 20cm. high, 182cm. wide, 33.5cm. deep; 8in., 5ft. 113⁄4in., 1ft. 11⁄4in.",,
Royal & Noble,https://www.sothebys.com/en/buy/auction/2022/royal-noble,3–20 January 2022,London,https://www.sothebys.com/en/buy/auction/2022/royal-noble/a-large-polychrome-and-faux-marbre-painted-etagere,"A large polychrome and faux-marbre painted étagère, made up of 18th century and later carved details",GBP,400,600,504," Property from a Scottish Noble Family A large polychrome and faux-marbre painted étagère, made up of 18th century and later carved details  the two tiers supported by boldly carved legs, headed by cherub heads and with a two foliate swags to each side 133.5cm. high, 106cm. wide; 4ft. 5in., 3ft. 53⁄4in.",,
Royal & Noble,https://www.sothebys.com/en/buy/auction/2022/royal-noble,3–20 January 2022,London,https://www.sothebys.com/en/buy/auction/2022/royal-noble/a-glass-and-wrought-iron-standard-lamp-by-parks,"A glass and wrought iron standard lamp by Parks, London, second quarter 20th century",GBP,700,900,," The Property of the Marquess of Lothian A glass and wrought iron standard lamp by Parks, London, second quarter 20th century  stamped 'Parks London', the shaft with sectionalised glass on a leaf-cast tripod 193cm. high; 6ft. 4in.",,
Royal & Noble,https://www.sothebys.com/en/buy/auction/2022/royal-noble,3–20 January 2022,London,https://www.sothebys.com/en/buy/auction/2022/royal-noble/a-collection-of-carved-oak-and-walnut,"A collection of carved oak and walnut architectural fragments, 19th century",GBP,800,"1,200",252," A collection of carved oak and walnut architectural fragments, 19th century  comprising two Mannerist style walnut bases, one gilt, in sections, three carved oak gothic style curtain pelmets with trailing oak leaves, each 114cm. wide, and two further carved sections of oak moulding, each 111cm. wide",,
Royal & Noble,https://www.sothebys.com/en/buy/auction/2022/royal-noble,3–20 January 2022,London,https://www.sothebys.com/en/buy/auction/2022/royal-noble/a-pair-of-spanish-simulated-scagliola-and-walnut,"A pair of Spanish simulated scagliola and walnut side tables, 19th century",GBP,"7,000","10,000",," A pair of Spanish simulated scagliola and walnut side tables, 19th century  each semi-circular top raised on four carved baluster-shaped legs on a further plinth, when joined forms a circular table each 76cm. high, 78cm. wide, 39cm. deep; 2ft. 6in., 2ft. 65⁄8in., 1ft. 33⁄8in.",,
Royal & Noble,https://www.sothebys.com/en/buy/auction/2022/royal-noble,3–20 January 2022,London,https://www.sothebys.com/en/buy/auction/2022/royal-noble/a-spanish-carved-mahogany-centre-table-19th,"A Spanish carved mahogany centre table, 19th century",GBP,"4,000","6,000","5,040"," A Spanish carved mahogany centre table, 19th century  the rectangular white marble top raised on six cylindrical legs, on a further platform base 79cm. high, 145cm. wide, 89.5cm. deep; 2ft. 71⁄8in., 4ft. 91⁄8in., 2ft. 111⁄4in.",,
Royal & Noble,https://www.sothebys.com/en/buy/auction/2022/royal-noble,3–20 January 2022,London,https://www.sothebys.com/en/buy/auction/2022/royal-noble/portrait-of-a-young-girl-holding-an-orange-with-a,Circle of Jan Mytens,GBP,"3,000","4,000","8,190"," Property removed from Fenton House to be sold on behalf of the 7th Earl of Durham Circle of Jan Mytens Portrait of a young girl holding an orange, with a spaniel, in a landscape  oil on canvas unframed: 127.6 x 101.5 cm.; 501⁄4 x 40 in. framed: 146.4 x 121.8 cm.; 575⁄8 x 48 in.",,
Royal & Noble,https://www.sothebys.com/en/buy/auction/2022/royal-noble,3–20 January 2022,London,https://www.sothebys.com/en/buy/auction/2022/royal-noble/a-spanish-carved-mahogany-cradle-early-19th,"A Spanish carved mahogany cradle, early 19th century",GBP,"1,000","1,500","1,386"," A Spanish carved mahogany cradle, early 19th century  123cm. high, 110cm. wide, 50cm. deep; 4ft.1⁄2in., 3ft. 71⁄4in., 1ft. 75⁄8in.",,
Royal & Noble,https://www.sothebys.com/en/buy/auction/2022/royal-noble,3–20 January 2022,London,https://www.sothebys.com/en/buy/auction/2022/royal-noble/a-late-regency-mahogany-extending-dining-table,"A late Regency mahogany extending dining table, circa 1820",GBP,"2,500","4,000",," A late Regency mahogany extending dining table, circa 1820  with two leaves and a single pedestal support ending in four sabre legs with brass cappings and castors 72cm. high, 237.5cm. extended, 108.5cm. wide; 2ft. 41⁄2 in., 7ft. 91⁄2 in., 3ft. 63⁄4 in.",1820,
Royal & Noble,https://www.sothebys.com/en/buy/auction/2022/royal-noble,3–20 January 2022,London,https://www.sothebys.com/en/buy/auction/2022/royal-noble/view-of-heidelberg,Attributed to Jakob Wilhelm Christian Roux,GBP,"1,500","2,500","4,410"," Attributed to Jakob Wilhelm Christian Roux German 1775 - 1831 View of Heidelberg  oil on canvas Unframed: 67 by 84cm., 261⁄2 by 33in. Framed: 83 by 100cm., 323⁄4 by 391⁄4in.",1831,
Royal & Noble,https://www.sothebys.com/en/buy/auction/2022/royal-noble,3–20 January 2022,London,https://www.sothebys.com/en/buy/auction/2022/royal-noble/a-chinese-export-padouk-ebony-and-satinwood,"A Chinese Export padouk, ebony and satinwood crossbanded combined sofa and games table with ivory inlay and handles, circa 1820",GBP,"8,000","12,000",," A Chinese Export padouk, ebony and satinwood crossbanded combined sofa and games table with ivory inlay and handles, circa 1820  with reversible chess board sliding top, a lift out backgammon tray to the interior and single frieze drawer which can be pulled from either side, on trestle supports and brass cappings castors, with five modern die and castors 71cm. high, 122cm. extended; 59cm. deep; 2ft. 4in., 4ft., 1ft. 111⁄4in.",1820,
Royal & Noble,https://www.sothebys.com/en/buy/auction/2022/royal-noble,3–20 January 2022,London,https://www.sothebys.com/en/buy/auction/2022/royal-noble/portraits-of-h-m-s-royal-sovereign-and-h-m-s,Mackenzie Thomson,GBP,250,400,756," Property of Lord Ralph Kerr Mackenzie Thomson Fl. 1870 - 1899 Portraits of H.M.S. Royal Sovereign and H.M.S. Trafalgar  Each watercolour over pencil, heightened with bodycolour; each signed lower left: Mackenzie Thomson; inscribed on labels on the reverse of the frames: H.M.S. Royal Sovereign / Flag of Vice Admiral Lord Walter Kerr / 1895; and: HMS Trafalger / Flag of Rear Admiral / Lord Walter Kerr / 1899 The first: 250 by 351 mm.; the second: 253 by 352 mm. (2)",1899,
Royal & Noble,https://www.sothebys.com/en/buy/auction/2022/royal-noble,3–20 January 2022,London,https://www.sothebys.com/en/buy/auction/2022/royal-noble/portrait-of-arthur-1st-duke-of-wellington-1779,"English School, 19th century",GBP,300,400,"3,780"," The Property of the Marquess of Lothian English School, 19th century Portrait of Arthur, 1st Duke of Wellington (1779-1852)  Pastel on paper, gilt-wood and gesso frame; indistinctly signed lower left: TCP fecit ? / 1816 730 by 615 mm. 29 by 241⁄2 in. ",1816,
Royal & Noble,https://www.sothebys.com/en/buy/auction/2022/royal-noble,3–20 January 2022,London,https://www.sothebys.com/en/buy/auction/2022/royal-noble/a-collection-of-shipping-scenes,William Frederick Mitchell,GBP,"1,500","2,500","4,788"," Property of Lord Ralph Kerr William Frederick Mitchell Calshot 1845 - 1914 Ryde A collection of shipping scenes  including: A steamship in full sail at sea; A frigate off the coast; and a Portrait of H.M.S Emerald Each watercolour and bodycolour over pencil; each signed and dated lower right, the first: W.F. Mitchell / 1879 – 1055, the second: W.F. Mitchell / 1873, the third: W.F. Mitchell 1889 / 1532 The first: 493 by 720 mm.; the second: 413 by 597 mm.; the third: 242 by 354 mm. (3)",1532,
Royal & Noble,https://www.sothebys.com/en/buy/auction/2022/royal-noble,3–20 January 2022,London,https://www.sothebys.com/en/buy/auction/2022/royal-noble/a-pair-of-george-ii-style-patinated-pine-console,"A pair of George II style patinated pine console tables, late 19th/early 20th century",GBP,"1,200","1,800","1,890"," A pair of George II style patinated pine console tables, late 19th/early 20th century  each with a verde antico top above a freize of Greek Key with masks to each corner, supported by boldly carved eagles 86.5cm. high, 87cm. wide, 49cm. deep;",,
Royal & Noble,https://www.sothebys.com/en/buy/auction/2022/royal-noble,3–20 January 2022,London,https://www.sothebys.com/en/buy/auction/2022/royal-noble/a-pair-of-george-iv-gilt-gesso-frames-circa-1825,"A pair of George IV gilt-gesso frames, circa 1825",GBP,600,900,882," Property of a Gentleman A pair of George IV gilt-gesso frames, circa 1825  surmounted by a coronet and holding engravings of George and Anne, 4th Viscount and Viscountess Townshend, after Sir Joshua Reynolds 87cm. by 58cm.; 2ft. 101⁄4 in., 1ft. 103⁄4in.",1825,
Royal & Noble,https://www.sothebys.com/en/buy/auction/2022/royal-noble,3–20 January 2022,London,https://www.sothebys.com/en/buy/auction/2022/royal-noble/paris-en-ballon-a-pair,"French School, late 19th century",GBP,200,300,"1,890"," Property removed from Fenton House to be sold on behalf of the 7th Earl of Durham French School, late 19th century Paris en Ballon; a pair  hand-coloured prints overall 49.5cm., 61cm.; 1ft. 71⁄2in., 2ft",,
Royal & Noble,https://www.sothebys.com/en/buy/auction/2022/royal-noble,3–20 January 2022,London,https://www.sothebys.com/en/buy/auction/2022/royal-noble/portrait-of-a-lady-said-to-be-catherine-lady,Studio of Charles Jervas,GBP,"4,000","6,000","27,720"," Property removed from Fenton House to be sold on behalf of the 7th Earl of Durham Studio of Charles Jervas County Offaly, Ireland 1675 - 1739 London Portrait of a lady, said to be Catherine, Lady Paisley, wife of James Hamilton, Lord Paisley, full-length, wearing a blue dress and seated in a landscape  oil on canvas, in a Kentian frame unframed: 122 x 184 cm.; 48 x 723⁄8 in. framed: 168 x 239 cm.; 661⁄8 x 941⁄8 in.",1739,
Royal & Noble,https://www.sothebys.com/en/buy/auction/2022/royal-noble,3–20 January 2022,London,https://www.sothebys.com/en/buy/auction/2022/royal-noble/cristo-morto,"After Giambologna (1529-1608)  Italian, Florence, 17th century",GBP,"5,000","7,000","6,300"," Property from a Scottish Private Collection After Giambologna (1529-1608) Italian, Florence, 17th century Cristo Morto  bronze, on a later velvet-lined ebonised wood cross with a gilt copper plaque, on a wood stand the gilt copper plaque inscribed: INRI corpus: 31 by 25cm., 121⁄4 by 97⁄8in. cross: 61 by 28cm., 24 by 11in. 64cm., 251⁄8in. overall",1608,
Royal & Noble,https://www.sothebys.com/en/buy/auction/2022/royal-noble,3–20 January 2022,London,https://www.sothebys.com/en/buy/auction/2022/royal-noble/oliver-cromwell-plaster-cast-death-mask,Oliver Cromwell: Plaster cast death mask,GBP,"4,000","6,000","5,670"," Property from the Estate of Briant Cuyler Holland  Oliver Cromwell Plaster cast death mask 220 178 x 110 mm, mounted on a velvet backing in a glass-fronted walnut box probably of the 19th century",,
Royal & Noble,https://www.sothebys.com/en/buy/auction/2022/royal-noble,3–20 January 2022,London,https://www.sothebys.com/en/buy/auction/2022/royal-noble/a-harlequin-set-of-four-victorian-reclining,"A harlequin set of four Victorian reclining armchairs, last quarter 19th century, in the manner of Morris, Marshall, Faulkner & Co",GBP,"2,000","3,000","4,788"," Property removed from Fenton House to be sold on behalf of the 7th Earl of Durham A harlequin set of four Victorian reclining armchairs  last quarter 19th century, in the manner of Morris, Marshall, Faulkner & Co the cushioned ladder backs and padded scrolled arms with cushioned seats on baluster front legs terminating on brass cappings and ceramic castors, two of maple, one of satinbirch and one of ash, each with checked pink and cream squab cushions",,
Royal & Noble,https://www.sothebys.com/en/buy/auction/2022/royal-noble,3–20 January 2022,London,https://www.sothebys.com/en/buy/auction/2022/royal-noble/an-antiquarian-carved-oak-tester-bed-19th-century,"An Antiquarian carved oak tester bed, 19th century",GBP,"6,000","9,000","16,380"," Property removed from Fenton House to be sold on behalf of the 7th Earl of Durham An Antiquarian carved oak tester bed, 19th century  the panelled tester carved with lozenges, flowerheads, inlaid compass medallions, strapwork and other devices, the arcaded panelled headboard with caryatids with two foliate-carved front posts Approximately 247cm. high, 180cm. wide, 234cm. deep; 8ft. 10in., 5ft. 11in., 7ft. 8in.",,
Royal & Noble,https://www.sothebys.com/en/buy/auction/2022/royal-noble,3–20 January 2022,London,https://www.sothebys.com/en/buy/auction/2022/royal-noble/a-pair-of-george-iii-style-mahogany-bedside,"A pair of George III style mahogany bedside cupboards by Howard & Sons, circa 1900",GBP,600,900,"1,260"," Property removed from Fenton House to be sold on behalf of the 7th Earl of Durham A pair of George III style mahogany bedside cupboards by Howard & Sons circa 1900  the bowed tops and panelled cupboards on square tapering legs with spade feet, each door stamped 'Howard & Sons London no. 10307144' and with ivorine labels similarly printed 'HOWARD & SONS Ltd. nos 25, 26, 27 BERNERS ST. / LONDON. W., each interior with a figured grey marble liner 74cm. high, 41.5cm. wide, 39cm. deep; 2ft. 4in., 1ft. 4 4 1/4in., 1ft. 3ft. 1/2in.",1030,
Royal & Noble,https://www.sothebys.com/en/buy/auction/2022/royal-noble,3–20 January 2022,London,https://www.sothebys.com/en/buy/auction/2022/royal-noble/a-pair-of-regency-gilt-brass-mounted-upholstered,"A pair of Regency gilt-brass mounted upholstered footstools, third quarter 19th century",GBP,800,"1,200","1,260"," Property removed from Fenton House to be sold on behalf of the 7th Earl of Durham A pair of Regency gilt-brass mounted upholstered footstools third quarter 19th century  the square stuffed seats on foliate cast pieds de biche, currently covered in crimson velvet over a mahogany frame, one with a label printed 'Lampton Castle' and '1484' in manuscript 16cm. high, 38cm. wide, 38cm. deep; 61⁄4in., 1ft. 3in., 1ft. 3in.",1484,
Royal & Noble,https://www.sothebys.com/en/buy/auction/2022/royal-noble,3–20 January 2022,London,https://www.sothebys.com/en/buy/auction/2022/royal-noble/the-rescue,John Lamont Brodie,GBP,"4,000","6,000","8,820"," Property removed from Fenton House to be sold on behalf of the 7th Earl of Durham John Lamont Brodie British 1818 - 1911 The Rescue  signed and dated J Lamont Brodie 1861 lower left oil on canvas Unframed: 64.5 by 122.5cm., 251⁄2 by 481⁄4in. Framed: 108 by 153.7cm., 421⁄2 by 601⁄2in",1861,
Royal & Noble,https://www.sothebys.com/en/buy/auction/2022/royal-noble,3–20 January 2022,London,https://www.sothebys.com/en/buy/auction/2022/royal-noble/a-victorian-taxidermy-tableau-of-two-toads-engaged,"A Victorian taxidermy tableau of two toads engaged in a duel, late 19th century",GBP,700,900,"3,024"," Property removed from Fenton House to be sold on behalf of the 7th Earl of Durham A Victorian taxidermy tableau of two toads engaged in a duel late 19th century  held in a glazed box frame 40cm. high, 41cm. wide, 18cm. deep; 1ft. 4in., 1ft. 4 1/4in., 7in.",,
Royal & Noble,https://www.sothebys.com/en/buy/auction/2022/royal-noble,3–20 January 2022,London,https://www.sothebys.com/en/buy/auction/2022/royal-noble/a-lacquered-brass-and-painted-tole-automaton-clock,"A lacquered brass and painted tôle automaton clock, English, composite",GBP,400,600,630," Property removed from Fenton House to be sold on behalf of the 7th Earl of Durham A lacquered brass and painted tôle automaton clock, English, composite  23⁄4-inch silvered dial beneath an aperture with automaton forge scene, the associated and earlier two train fusee movement with anchor escapement, shaped plates and rack striking on a bell, the rectangular case with brass carrying handle and painted to the front and sides with naive rural coaching scenes, on brass bracket feet 28cm 11in high; 19cm 71⁄2in wide",,
Royal & Noble,https://www.sothebys.com/en/buy/auction/2022/royal-noble,3–20 January 2022,London,https://www.sothebys.com/en/buy/auction/2022/royal-noble/take-up-the-sword-of-justice,Sir Bernard Partridge,GBP,"1,000","1,500","22,680"," Property removed from Fenton House to be sold on behalf of the 7th Earl of Durham Sir Bernard Partridge British 1861 - 1945 Take up the Sword of Justice  signed Bernard Partridge lower right pastel Unframed: 69.5 by 50cm., 271⁄4 by 193⁄4in. Framed: 90.5 by 70.3cm., 351⁄2 by 273⁄4in.",1945,
Royal & Noble,https://www.sothebys.com/en/buy/auction/2022/royal-noble,3–20 January 2022,London,https://www.sothebys.com/en/buy/auction/2022/royal-noble/the-return-of-richard-the-lionheart,Circle of  Robert Anning Bell,GBP,"2,000","3,000","2,520"," Property removed from Fenton House to be sold on behalf of the 7th Earl of Durham Circle of Robert Anning Bell British 1863 - 1933 The Return of Richard the Lionheart  painted gesso relief with gold paint on board Unframed: 53 by 92cm., 21 by 36in. Framed: 82 by 118cm., 32 by 461⁄2in.",1933,
Royal & Noble,https://www.sothebys.com/en/buy/auction/2022/royal-noble,3–20 January 2022,London,https://www.sothebys.com/en/buy/auction/2022/royal-noble/the-fisherman-and-the-siren,Henry Justice Ford,GBP,"5,000","7,000","6,930"," Property removed from Fenton House to be sold on behalf of the 7th Earl of Durham Henry Justice Ford British 1860 - 1941 The Fisherman and the Siren  signed H J FORD lower right oil on canvas Unframed: 92 by 61cm., 36 by 20in. Framed: 117 by 86cm., 42 by 30in.",1941,
Royal & Noble,https://www.sothebys.com/en/buy/auction/2022/royal-noble,3–20 January 2022,London,https://www.sothebys.com/en/buy/auction/2022/royal-noble/portrait-of-lady-elizabeth-bulteel-wearing-a-white,Frederick Richard Say,GBP,"1,500","2,500","1,890"," Property removed from Fenton House to be sold on behalf of the 7th Earl of Durham Frederick Richard Say British 1817 - 1860 Portrait of Lady Elizabeth Bulteel Wearing a White Dress  bears inscription Eliza'th Bulteel / daughter of / John Butleel / FLEET / FRED.C R. SAY pinxt / 1836 on the reverse oil on canvas Unframed: 76.5 by 63.5cm., 30 by 25in. Framed: 108 by 96.5cm., 421⁄2 by 38in.",1836,
Royal & Noble,https://www.sothebys.com/en/buy/auction/2022/royal-noble,3–20 January 2022,London,https://www.sothebys.com/en/buy/auction/2022/royal-noble/portrait-bust-of-boy-probably-charles-william,Attributed to William Behnes,GBP,"3,000","5,000","5,040"," Property removed from Fenton House to be sold on behalf of the 7th Earl of Durham Attributed to William Behnes Portrait bust of boy, probably Charles William Lambton (1818-1831)  white marble, on a serpentine marble socle 42cm., 161⁄2in. overall",1831,
Royal & Noble,https://www.sothebys.com/en/buy/auction/2022/royal-noble,3–20 January 2022,London,https://www.sothebys.com/en/buy/auction/2022/royal-noble/portrait-of-lady-elizabeth-bulteel-wearing-a-black,Frederick Richard Say,GBP,"1,500","2,500",," Property removed from Fenton House to be sold on behalf of the 7th Earl of Durham Frederick Richard Say British 1817 - 1860 Portrait of Lady Elizabeth Bulteel Wearing a Black Dress  bears inscriptions F. R. Say. pinx. / 1831 / The / Lady Elizabeth Bulteel / Lyncham. on the reverse oil on canvas Unframed: 77 by 63.5cm., 30 by 25in. Framed: 108 by 97cm., 421⁄2 by 38in.",1831,
Royal & Noble,https://www.sothebys.com/en/buy/auction/2022/royal-noble,3–20 January 2022,London,https://www.sothebys.com/en/buy/auction/2022/royal-noble/mater-christi-alma,Simeon Solomon,GBP,"2,000","3,000","2,016"," Property removed from Fenton House to be sold on behalf of the 7th Earl of Durham Simeon Solomon British 1840 - 1905 Mater Christi Alma  signed with initials and dated 1896 lower right and titled lower edge watercolour and gold paint Unframed: 33 by 23cm., 13 by 9in. Framed: 54 by 43cm., 21 by 13in.",1896,
Royal & Noble,https://www.sothebys.com/en/buy/auction/2022/royal-noble,3–20 January 2022,London,https://www.sothebys.com/en/buy/auction/2022/royal-noble/orpheus,"Edward Stott, A.R.A.",GBP,"8,000","12,000","7,560"," Property removed from Fenton House to be sold on behalf of the 7th Earl of Durham Edward Stott, A.R.A. British 1859 - 1918 Orpheus  bears an inscription Orpheus / the late / Edward Stott / Amberley / Sussex on an old label attached to the stretcher oil on canvas, circular Unframed: 90cm., 341⁄2in. diameter Framed: 120cm., 47in. diameter",1918,
Royal & Noble,https://www.sothebys.com/en/buy/auction/2022/royal-noble,3–20 January 2022,London,https://www.sothebys.com/en/buy/auction/2022/royal-noble/la-moglie-dandrea-the-wife-of-andrea,Simeon Solomon,GBP,"4,000","6,000",," Property removed from Fenton House to be sold on behalf of the 7th Earl of Durham Simeon Solomon British 1840 - 1905 La moglie d'andrea (The Wife of Andrea)  signed and indistinctly dated SIMEON / SOLOMON / 1895 lower right and titled lower edge watercolour Unframed: 37 by 25cm., 141⁄2 by 10in. Framed: 58 by 44cm., 23 by 171⁄2in.",1895,
Royal & Noble,https://www.sothebys.com/en/buy/auction/2022/royal-noble,3–20 January 2022,London,https://www.sothebys.com/en/buy/auction/2022/royal-noble/a-victorian-carved-oak-country-house-dinner-gong,"A Victorian carved oak country house dinner gong, circa 1880, attributed to Howard & Sons",GBP,300,400,"1,764"," Property removed from Fenton House to be sold on behalf of the 7th Earl of Durham A Victorian carved oak country house dinner gong, circa 1880, attributed to Howard & Sons  in Gothic Revival style, the stand pierced with some polychrome decoration supporting a hammered brass gong together with a malacca and chamois leather drumstick, the underside of one leg stamped 870 108cm. high, 61cm. wide; 3ft. 61⁄2in., 2ft.",1880,
Royal & Noble,https://www.sothebys.com/en/buy/auction/2022/royal-noble,3–20 January 2022,London,https://www.sothebys.com/en/buy/auction/2022/royal-noble/rose-portrait-of-mary-emma-jones,Anthony Frederick Augustus Sandys,GBP,"10,000","15,000","27,720"," Property removed from Fenton House to be sold on behalf of the 7th Earl of Durham Anthony Frederick Augustus Sandys 1832 - 1904 Rose, Portrait of Mary Emma Jones  signed F. Sandys lower left and dated 1871 lower right red, black and white chalk with pencil on paper Unframed: 53 by 36cm., 21 by 14in. Framed: 68 by 51cm., 27 by 20in.",1871,
Royal & Noble,https://www.sothebys.com/en/buy/auction/2022/royal-noble,3–20 January 2022,London,https://www.sothebys.com/en/buy/auction/2022/royal-noble/night,Simeon Solomon,GBP,"10,000","15,000","12,600"," Property removed from Fenton House to be sold on behalf of the 7th Earl of Durham Simeon Solomon British 1840 - 1905 Night  watercolour and bodycolour Unframed: 52 by 40cm., 201⁄2 by 16in. Framed: 70 by 59cm., 271⁄2 by 23in.",1905,
Royal & Noble,https://www.sothebys.com/en/buy/auction/2022/royal-noble,3–20 January 2022,London,https://www.sothebys.com/en/buy/auction/2022/royal-noble/portrait-of-mrs-vane,"Ambrose McEvoy, A.R.A.",GBP,600,800,"2,772"," Property removed from Fenton House to be sold on behalf of the 7th Earl of Durham Ambrose McEvoy, A.R.A. British 1878 - 1927 Portrait of Mrs Vane  stamped McEvoy lower right pencil with wash on paper Unframed: 44 by 28cm., 171⁄4 by 11in. Framed: 71 by 52cm., 28 by 201⁄2in.",1927,
Royal & Noble,https://www.sothebys.com/en/buy/auction/2022/royal-noble,3–20 January 2022,London,https://www.sothebys.com/en/buy/auction/2022/royal-noble/seated-female-nude,"Ambrose McEvoy, A.R.A.",GBP,"1,000","1,500","1,260"," Property removed from Fenton House to be sold on behalf of the 7th Earl of Durham Ambrose McEvoy, A.R.A. British 1878 - 1927 Seated female nude  signed McEvoy lower right oil on brown paper Unframed: 24 by 32cm., 91⁄2 by 121⁄2in. Framed: 43 by 51cm., 17 by 20in.",1927,
Royal & Noble,https://www.sothebys.com/en/buy/auction/2022/royal-noble,3–20 January 2022,London,https://www.sothebys.com/en/buy/auction/2022/royal-noble/study-of-a-standing-nude-amongst-iris-and-narcissi,"European School, 19th Century",GBP,"2,000","3,000",," Property removed from Fenton House to be sold on behalf of the 7th Earl of Durham European School, 19th Century Study of a Standing Nude amongst Iris and Narcissi  oil on canvas Unframed: 111.5 by 61.5cm., 44 by 241⁄4in. Framed: 122 by 75cm., 48 by 291⁄2in.",,
Royal & Noble,https://www.sothebys.com/en/buy/auction/2022/royal-noble,3–20 January 2022,London,https://www.sothebys.com/en/buy/auction/2022/royal-noble/a-lady-overlooking-a-venetian-canal,"Circle of  George Howard, 9th Earl of Carlisle",GBP,"2,000","3,000","2,520"," Property removed from Fenton House to be sold on behalf of the 7th Earl of Durham Circle of George Howard, 9th Earl of Carlisle A Lady Overlooking a Venetian Canal  watercolour with scratching out on paper laid down on card Unframed: 78 by 53cm., 301⁄2 by 21in. Framed: 104 by 79cm., 41 by 31in.",,
Royal & Noble,https://www.sothebys.com/en/buy/auction/2022/royal-noble,3–20 January 2022,London,https://www.sothebys.com/en/buy/auction/2022/royal-noble/a-racehorse-in-a-landscape,"Edward Seago, R.W.S.",GBP,"7,000","10,000","13,860"," Property removed from Fenton House to be sold on behalf of the 7th Earl of Durham Edward Seago, R.W.S. British A Racehorse in a Landscape  signed and dated Edward Seago / 37 lower right oil on canvas Unframed: 71.1 by 91.5cm., 28 by 36in. Framed: 90 by 110cm., 351⁄2 by 431⁄4in.",,
Royal & Noble,https://www.sothebys.com/en/buy/auction/2022/royal-noble,3–20 January 2022,London,https://www.sothebys.com/en/buy/auction/2022/royal-noble/homeward,"Sir Frank Brangwyn, R.A., R.W.S",GBP,"7,000","10,000","8,820"," Property removed from Fenton House to be sold on behalf of the 7th Earl of Durham Sir Frank Brangwyn, R.A., R.W.S British 1867 - 1956 Homeward  oil on canvas Unframed: 125 by 162cm., 49 by 64in. Framed: 165 by 200cm., 65 by 79in.",1956,
Royal & Noble,https://www.sothebys.com/en/buy/auction/2022/royal-noble,3–20 January 2022,London,https://www.sothebys.com/en/buy/auction/2022/royal-noble/a-mare-and-foal-in-a-paddock,"Edward Seago, R.W.S.",GBP,"10,000","15,000","12,600"," Property removed from Fenton House to be sold on behalf of the 7th Earl of Durham Edward Seago, R.W.S. British 1910-1974 A Mare and Foal in a Paddock  signed and dated Edward Seago / 36 lower right oil on canvas Unframed: 71 by 91.5cm., 28 by 36in. Framed: 89.5 by 110cm., 351⁄4 by 431⁄4in.",1974,
Royal & Noble,https://www.sothebys.com/en/buy/auction/2022/royal-noble,3–20 January 2022,London,https://www.sothebys.com/en/buy/auction/2022/royal-noble/a-boxing-match,"Sir Frank Brangwyn, R.A., R.W.S",GBP,"4,000","6,000",," Property removed from Fenton House to be sold on behalf of the 7th Earl of Durham Sir Frank Brangwyn, R.A., R.W.S British 1867 - 1956 A Boxing Match  signed with initials upper left black ink with red and black chalk on three joined sheets Unframed: 56 by 40cm., 22 by 16in. Framed: 76 by 60cm., 30 by 231⁄2in.",1956,
Royal & Noble,https://www.sothebys.com/en/buy/auction/2022/royal-noble,3–20 January 2022,London,https://www.sothebys.com/en/buy/auction/2022/royal-noble/james-bretherton-active-1770-1781-after-henry,"James Bretherton (active 1770-1781), after Henry William Bunbury (1750-1811)",GBP,800,"1,200","1,890"," Property removed from Fenton House to be sold on behalf of the 7th Earl of Durham James Bretherton (active 1770-1781), after Henry William Bunbury (1750-1811) A City Hunt [8th February, 1781]  engraving titled, framed and glazed (three sheets pasted together) 170cm. wide, 66cm. deep; 5ft. 7in., 2ft. 2in.",1781,
Royal & Noble,https://www.sothebys.com/en/buy/auction/2022/royal-noble,3–20 January 2022,London,https://www.sothebys.com/en/buy/auction/2022/royal-noble/la-lyre-and-fourteen-other-works,Paul Berthon,GBP,"3,500","4,500","4,788"," Property removed from Fenton House to be sold on behalf of the 7th Earl of Durham Paul Berthon British 1872 - 1909 LA LYRE; and fourteen other works  four signed in pencil and two signed in ink l.r.  P. Berthon lithographs in colours, framed fourteen held in gilt frames with various fabric covered mounts, one held in silvered frame with paper mount visible sheet for La Lyre 44.5cm. by 57.5cm.; smallest visible sheet 40/5cm. by 15.5  (15)",1909,
Royal & Noble,https://www.sothebys.com/en/buy/auction/2022/royal-noble,3–20 January 2022,London,https://www.sothebys.com/en/buy/auction/2022/royal-noble/group-of-figures,Charles Conder,GBP,500,800,630," Property removed from Fenton House to be sold on behalf of the 7th Earl of Durham Charles Conder British 1868 - 1909 Group of Figures  pencil on paper Unframed: 16 by 11cm., 61⁄2 by 41⁄2in. Framed: 31 by 27cm., 12 by 101⁄2in.",1909,
Royal & Noble,https://www.sothebys.com/en/buy/auction/2022/royal-noble,3–20 January 2022,London,https://www.sothebys.com/en/buy/auction/2022/royal-noble/a-regency-brass-inlaid-rosewood-and-ebonised,"A Regency brass-inlaid rosewood and ebonised architectural console, circa 1815, manner of Gillows",GBP,"3,000","5,000","3,276"," Property from a British Noble Family A Regency brass-inlaid rosewood and ebonised architectural console circa 1815, manner of Gillows  with a Belgian slate marble top, on boldly carved volutes ending in boldly carved paw feet, with a mirrored back panel 89.5cm. high, 140cm. wide, 43.5cm. deep; 2ft. 11 1/2in., 4ft. 7in., 1ft. 5in.",1815,
Royal & Noble,https://www.sothebys.com/en/buy/auction/2022/royal-noble,3–20 January 2022,London,https://www.sothebys.com/en/buy/auction/2022/royal-noble/a-set-of-six-george-ii-carved-mahogany-side-chairs,"A set of six George II carved mahogany side chairs, probably Lancashire, third quarter 18th century, possibly by Robert Gillow & Son",GBP,"6,000","9,000",," Property from the Curwen collections at Workington Hall, Ewanrigg Hall and Belle Isle, Cumbria A set of six George II carved mahogany side chairs  probably Lancashire, third quarter 18th century, possibly by Robert Gillow & Son the pierced interlaced splats headed with rocailles carved top rails, the drop in seats with later silk damask upholstery above a moulded seat rail with a c-scroll and rocaille carved pierced apron, on acanthus carved cabriole legs with pierced claw and ball feet",,
Royal & Noble,https://www.sothebys.com/en/buy/auction/2022/royal-noble,3–20 January 2022,London,https://www.sothebys.com/en/buy/auction/2022/royal-noble/a-george-ii-oval-mahogany-twin-gateleg-table-mid,"A George II oval mahogany twin-gateleg table, mid-18th century",GBP,"2,400","5,000",," Property from the Curwen collections at Workington Hall, Ewanrigg Hall and Belle Isle, Cumbria A George II oval mahogany twin-gateleg table mid-18th century  the drop leaf top supported on eight tapering legs on pad feet 72.5cm. high, 179cm. wide (extended), 166.5cm. deep; 2ft. 41⁄2in., 5ft. 101⁄2in., 5ft. 51⁄2in.",,
Royal & Noble,https://www.sothebys.com/en/buy/auction/2022/royal-noble,3–20 January 2022,London,https://www.sothebys.com/en/buy/auction/2022/royal-noble/portrait-of-sir-william-lowther-half-length,"Sir Joshua Reynolds, P.R.A.",GBP,"3,000","5,000","9,450"," Property from the Curwen collections at Workington Hall, Ewanrigg Hall and Belle Isle, Cumbria Sir Joshua Reynolds, P.R.A. Plympton, Devon 1723 - 1792 London Portrait of Sir William Lowther, half-length, wearing a brown coat and white cravat  oil on canvas unframed: 76 x 63.7 cm.; 297⁄8 x 251⁄8 in. framed: 90.2 x 76 cm.; 351⁄2 x 297⁄8 in.",1792,
Royal & Noble,https://www.sothebys.com/en/buy/auction/2022/royal-noble,3–20 January 2022,London,https://www.sothebys.com/en/buy/auction/2022/royal-noble/portrait-of-isabella-curwen-nee-gale-1765-1820,Manner of George Romney,GBP,400,600,"1,890"," Property from the Curwen collections at Workington Hall, Ewanrigg Hall and Belle Isle, Cumbria Manner of George Romney Portrait of Isabella Curwen, née Gale (1765-1820), seated full-length, wearing a white dress and blue sash, a view of Belle Isle, Lake Windermere beyond  oil on canvas unframed: 127.1 x 101.6 cm.; 50 x 40 in. framed: 141.7 x 116.6 cm.; 553⁄4 x 457⁄8 in.",1820,
Royal & Noble,https://www.sothebys.com/en/buy/auction/2022/royal-noble,3–20 January 2022,London,https://www.sothebys.com/en/buy/auction/2022/royal-noble/portrait-of-a-gentleman-half-length-holding-a,Robert Smirke,GBP,"2,000","3,000",," Property from the Curwen collections at Workington Hall, Ewanrigg Hall and Belle Isle, Cumbria Robert Smirke Wigton 1752 - 1845 London Portrait of John Christian Curwen (1756-1828), half length, holding a sheet of paper, against a red curtain  oil on canvas unframed: 47.2 x 38.1 cm.; 185⁄8 x 15 in. framed: 58 x 48.9 cm.; 227⁄8 x 191⁄4 in.",1828,
Royal & Noble,https://www.sothebys.com/en/buy/auction/2022/royal-noble,3–20 January 2022,London,https://www.sothebys.com/en/buy/auction/2022/royal-noble/a-george-iii-mahogany-wardrobe-by-gillows-1788,"A George III mahogany wardrobe by Gillows, 1788, possibly executed by William Stubbs",GBP,"1,500","2,500","2,394"," Property from the Curwen collections at Workington Hall, Ewanrigg Hall and Belle Isle, Cumbria A George III mahogany wardrobe by Gillows 1788, possibly executed by William Stubbs  the cavetto cornice with dentil frieze above crossbanded panelled cupboard doors enclosing a later clothes rail, the lower section with two short drawers above two long drawers on bracket feet 193cm. high, 127.5cm. wide, 63cm. deep; 6ft. 4in., 4ft. 21⁄4in., 2ft. 1in.",1788,
Royal & Noble,https://www.sothebys.com/en/buy/auction/2022/royal-noble,3–20 January 2022,London,https://www.sothebys.com/en/buy/auction/2022/royal-noble/a-pair-of-george-iii-mahogany-bedside-commodes-by,"A pair of George III mahogany bedside commodes by Gillows, 1788",GBP,"2,000","3,000","3,780"," Property from the Curwen collections at Workington Hall, Ewanrigg Hall and Belle Isle, Cumbria A pair of George III mahogany bedside commodes by Gillows, 1788  the hinged tops opening to reveal aperture for chamber pot, faced with dummy drawers on bracket feet 78cm. high, 63cm. wide, 55.5cm.; 2ft. 63⁄4in., 2ft.3⁄4in., 1ft. 10in.",1788,
Royal & Noble,https://www.sothebys.com/en/buy/auction/2022/royal-noble,3–20 January 2022,London,https://www.sothebys.com/en/buy/auction/2022/royal-noble/an-early-victorian-parcel-gilt-marquetry-and-oak,"An early Victorian parcel-gilt, marquetry and oak centre sofa",GBP,"4,000","6,000","5,292"," Property removed from Fenton House to be sold on behalf of the 7th Earl of Durham An early Victorian parcel-gilt, marquetry and oak centre sofa  the four triangular stuffed seats within planked, down-curved arms with crockets and compound turned rosewood and blocked supports, with rosewood and ebony inlay and including carved gilt rosettes on a blue painted ground, the adapted crenellated centre now containing a tole jardinière, on brass cappings and castors, covered in a William Morris style woven fabric 216cm.; 7ft. 1in. wide along the diagonal",,
Royal & Noble,https://www.sothebys.com/en/buy/auction/2022/royal-noble,3–20 January 2022,London,https://www.sothebys.com/en/buy/auction/2022/royal-noble/a-george-ii-mahogany-press-cupboard-of,"A George II mahogany press-cupboard of architectural form, mid-18th century",GBP,"10,000","15,000",," A George II mahogany press-cupboard of architectural form, mid-18th century  the removable cornice with rosettes between triglyphs above a pair of twin fielded doors opening to reveal five later oak pull out trays, with two short and two long drawers 208.5cm. high, 141cm. wide, 80cm. deep; 6ft. 10in., 4ft. 71⁄2in., 2ft. 71⁄2in.",,
Royal & Noble,https://www.sothebys.com/en/buy/auction/2022/royal-noble,3–20 January 2022,London,https://www.sothebys.com/en/buy/auction/2022/royal-noble/a-george-iii-silver-entree-dish-and-cover-thomas,"A George III silver entrée dish and cover, Thomas Burwash, London, 1821",GBP,500,700,882," Property of a Scottish Noblewoman A George III silver entrée dish and cover, Thomas Burwash, London, 1821  shaped rectangular with leaf-capped gadrooned borders, the cover engraved on each side with a crest, detachable finial, the underside engraved with scratch weight '63 oz 12 dwt' and 'Dish & Cover' 30cm, 113⁄4in wide 1882gr, 60oz 10 dwt",1882,
Royal & Noble,https://www.sothebys.com/en/buy/auction/2022/royal-noble,3–20 January 2022,London,https://www.sothebys.com/en/buy/auction/2022/royal-noble/a-george-iii-silver-mirror-plateau-in-six-sections,"A George III silver mirror plateau in six sections, Benjamin Smith, London, 1807, retailed by Rundell, Bridge & Rundell, with additions, John Bridge of Rundell, Bridge & Rundell, undated, 1823-1834",GBP,"30,000","50,000",," Property of a Private Swiss Collection A George III silver mirror plateau in six sections, Benjamin Smith, London, 1807, retailed by Rundell, Bridge & Rundell, with additions, John Bridge of Rundell, Bridge & Rundell, undated, 1823-1834  the low gallery border composed of cast and pierced anthemion and scroll motifs between moulded borders, the whole on 24 cast paw, feather and wing supports, each applied with the badge of the Duke of Northumberland on a rectangular plaque, further applied at either end with the arms of Percy, Dukes of Northumberland within the Garter motto and laurel sprays and below a duke's coronet, stamped: 'RUNDELL BRIDGE ET RUNDELL AURIFICES REGIS ET PRINCIPIS WALLIÆ LONDINI FECERUNT,' scratch engraved '3375'; together with three later table bases to fit The plateau 311cm. long x 49cm. wide The stand 136cm. long x 38cm. wide x 45cm. high",1834,
Royal & Noble,https://www.sothebys.com/en/buy/auction/2022/royal-noble,3–20 January 2022,London,https://www.sothebys.com/en/buy/auction/2022/royal-noble/a-victorian-hanoverian-pattern-silver-cutlery-set,"A Victorian Hanoverian Pattern silver cutlery set for 36, Holland, Aldwinckle & Slater, 1894",GBP,"3,000","5,000","10,080"," Property of a Scottish Noblewoman A Victorian Hanoverian Pattern silver cutlery set for 36, Holland, Aldwinckle & Slater, 1894  the terminals crested and initialed, comprising: 36 table forks 36 table spoons 36 dessert or salad forks 36 dessert spoons 33 tea spoons 35 coffee spoons 8 sauce ladles 2 stuffing spoons 2 large soup ladles all in an original oak canteen, brass plate engraved 'Major General C.M.F. Deakin C.B.E.', key 12033gr, 387oz",1203,
Royal & Noble,https://www.sothebys.com/en/buy/auction/2022/royal-noble,3–20 January 2022,London,https://www.sothebys.com/en/buy/auction/2022/royal-noble/a-george-v-silver-coffee-pot-london-1911,"A George V silver coffee pot, London, 1911",GBP,300,500,630," Property of a Scottish Noblewoman A George V silver coffee pot, London, 1911  hinged cover, engraved with a crest and motto, wood handle and final, together with an associated Edwardian silver cream jug and sugar bowl, Charles Stuart Harris, London, 1901, each engraved with a coat-of-arms (3) The coffee pot 22.5cm, 93⁄4in high 1023gr, 32oz 10dwt all in",1023,
Royal & Noble,https://www.sothebys.com/en/buy/auction/2022/royal-noble,3–20 January 2022,London,https://www.sothebys.com/en/buy/auction/2022/royal-noble/a-french-silver-sauceboat-on-stand-jean-baptiste,"A French silver sauceboat on stand, Jean Baptiste François Chéret, Paris, 1762",GBP,"30,000","40,000","163,800"," Property from a Portuguese Collection A French silver sauceboat on stand, Jean Baptiste François Chéret, Paris, 1762  shaped over sauce holder chased and applied with rocaille ornament and shells, handle in the form of a vine stem overlaid with olive leaves and fruit, openwork mount similarly cast and chased with grape clusters, olives, and leafing tendrils rising from a rocky forest floor, on a shaped rocaille decorated base with upturned ends, marked on base, mount and sauce container, also with countermarks for 1768-1775 and 1775-1781 20cm, 8in wide 894gr, 28oz 15dwt",1781,
Royal & Noble,https://www.sothebys.com/en/buy/auction/2022/royal-noble,3–20 January 2022,London,https://www.sothebys.com/en/buy/auction/2022/royal-noble/a-victorian-silver-hot-water-jug-edward-barnard,"A Victorian silver hot water jug, Edward Barnard & Sons, London, 1898",GBP,300,500,378," Property of a Scottish Noblewoman A Victorian silver hot water jug, Edward Barnard & Sons, London, 1898  part lobed body, hinged cover, wood handle and final, together with an associated George V silver cream jug and sugar bowl, each engraved with the crest of Deakin Hot Water Jug 20.5cm, 81⁄4in high overall 1103gr, 35oz 9dwt all in",1103,
Royal & Noble,https://www.sothebys.com/en/buy/auction/2022/royal-noble,3–20 January 2022,London,https://www.sothebys.com/en/buy/auction/2022/royal-noble/a-milkmaid-milking-cows-in-a-field,Manner of Aelbert Cuyp,GBP,"2,000","3,000","2,772"," Property from an Important Scottish Collection Manner of Aelbert Cuyp A milkmaid milking cows in a field  bears signature lower left: A. cuÿp. oil on oak panel, the reverse with a red wax seal bearing the arms of the Grand Duchy of Tuscany, of the House of Habsburg-Lorraine; also bearing James Irvine's wax seal with a bearded head in profile wearing a crown; and an unidentified collector’s wax seal with initials: PSA unframed: 49 x 57.4 cm.; 191⁄4 x 223⁄4 in. framed: 74.5 x 83.8 cm.; 293⁄8 x 33 in.",,
Royal & Noble,https://www.sothebys.com/en/buy/auction/2022/royal-noble,3–20 January 2022,London,https://www.sothebys.com/en/buy/auction/2022/royal-noble/dresden-a-view-of-the-old-fortifications-from-the,Manner of Bernardo Bellotto,GBP,"5,000","7,000","35,280"," Property from the Coats Collection Manner of Bernardo Bellotto Dresden, a view of the old fortifications, from the south west  oil on canvas unframed: 94 x 126.4 cm.; 37 x 493⁄4 in. framed: 106 x 140.8 cm.; 413⁄4 x 553⁄8 in.",,
Royal & Noble,https://www.sothebys.com/en/buy/auction/2022/royal-noble,3–20 January 2022,London,https://www.sothebys.com/en/buy/auction/2022/royal-noble/still-life-with-shellfish-fish-lemons-and-goldfish,Lucas Victor Schaefels,GBP,"1,000","1,500","1,638"," Property from the Coats Collection Lucas Victor Schaefels Belgian 1824 - 1885 Still-life with shellfish, fish, lemons and goldfish in a bowl  indistinctly signed and dated Luc. Schaefels 1867 lower right oil on panel Unframed: 67.5 by 51cm., 261⁄2 by 20in. Framed: 77 by 61.5cm., 301⁄4 by 241⁄4in.",1867,
Royal & Noble,https://www.sothebys.com/en/buy/auction/2022/royal-noble,3–20 January 2022,London,https://www.sothebys.com/en/buy/auction/2022/royal-noble/waiting-for-the-conclusion-of-the-shower-as,Janie Ellice,GBP,150,250,"1,638"," Property removed from Fenton House to be sold on behalf of the 7th Earl of Durham Janie Ellice 1813 - 1864 Waiting for the Conclusion of the Shower as Patiently as it is in the Nature of Lord Durham to Wait  signed and inscribed Janie Ellice \ Glen Quoich center left and titled lower centre watercolour and pencil on paper Unframed: 34 by 24cm., 131⁄2 by 91⁄2in. Framed: 43 by 33cm., 17 by 13in.",1864,
Royal & Noble,https://www.sothebys.com/en/buy/auction/2022/royal-noble,3–20 January 2022,London,https://www.sothebys.com/en/buy/auction/2022/royal-noble/the-three-windmills,Jacob Henricus Maris,GBP,"3,000","5,000","40,320"," Property from the Coats Collection Jacob Henricus Maris Dutch 1837 - 1899 The Three Windmills  signed J Maris lower left oil on canvas Unframed: 53.5 by 66cm., 21 by 26in. Framed: 71 by 84cm., 28 by 33in.",1899,
Royal & Noble,https://www.sothebys.com/en/buy/auction/2022/royal-noble,3–20 January 2022,London,https://www.sothebys.com/en/buy/auction/2022/royal-noble/bij-de-stad,Johan Hendrik van Mastenbroek,GBP,"2,000","3,000","4,788"," Property from the Coats Collection Johan Hendrik van Mastenbroek 1875 - 1945 Bij de stad  signed and dated J H v Mastenbroek 11 lower right and signed with initials, dated and inscribed Bij DE STAD./J.H.v.M.11 on the reverse oil on canvas Unframed: 25.5 by 43.5cm., 10 by 17in. Framed: 39 by 57cm., 151⁄4 by 221⁄2in.",1945,
Royal & Noble,https://www.sothebys.com/en/buy/auction/2022/royal-noble,3–20 January 2022,London,https://www.sothebys.com/en/buy/auction/2022/royal-noble/british-men-of-war-off-spithead-portsmouth-and,Thomas Luny,GBP,"5,000","7,000","10,710"," Property from the Coats Collection Thomas Luny St. Ewe, Cornwall 1759 - 1837 London British men-of-war off Spithead, Portsmouth; and British men-of-war off Yarmouth  both signed and dated lower left: Luny 1816 a pair, both oil on panel unframed: each 25.1 x 35.1 cm.; 97⁄8 x 137⁄8 in. framed: each 39.8 x 50.4 cm.; 155⁄8 x 197⁄8 in. (2)",1816,
Royal & Noble,https://www.sothebys.com/en/buy/auction/2022/royal-noble,3–20 January 2022,London,https://www.sothebys.com/en/buy/auction/2022/royal-noble/on-the-river-rhine,William Callow R.W.S.,GBP,"1,800","2,400","1,260", Property from the Coats Collection William Callow R.W.S. Greenwich 1812-1908 Great Missenden On the River Rhine  Watercolour over pencil; signed with the artist's monogram lower left: WC 232 by 333 mm. 91⁄8 by 13 in.,1908,
Royal & Noble,https://www.sothebys.com/en/buy/auction/2022/royal-noble,3–20 January 2022,London,https://www.sothebys.com/en/buy/auction/2022/royal-noble/a-town-in-brittany-france,William Callow R.W.S.,GBP,"1,800","2,400",," Property from the Coats Collection William Callow R.W.S. Greenwich 1812 - 1908 Great Missenden A town in Brittany, France  Watercolour over traces of pencil; signed and dated lower right: Wm Callow 1884 247 by 348 mm. 91⁄2 by 131⁄2 in.",1884,
Royal & Noble,https://www.sothebys.com/en/buy/auction/2022/royal-noble,3–20 January 2022,London,https://www.sothebys.com/en/buy/auction/2022/royal-noble/east-end-of-howden-church-yorkshire,John Sell Cotman,GBP,"5,000","8,000",," Property from the Coats Collection John Sell Cotman Norwich 1782 - 1842 London East End of Howden Church, Yorkshire  Watercolour over pencil; signed and dated 1804. 456 by 335 mm.173⁄4 by 131⁄4 in.",1804,
Royal & Noble,https://www.sothebys.com/en/buy/auction/2022/royal-noble,3–20 January 2022,London,https://www.sothebys.com/en/buy/auction/2022/royal-noble/an-ebonised-basket-top-table-clock-english-circa,"An ebonised basket top table clock, English, circa 1695, with extensive later restoration",GBP,"3,000","5,000",," The Property of the Marquess of Lothian An ebonised basket top table clock, English, circa 1695, with extensive later restoration  7-inch dial with winged cherub spandrels, matted centre and ringed winding holes, the replaced late 19th century fusee and chain movement with anchor escapement and striking on a bell, the moulded case with pierced repoussé brass basket, carrying handle and flower vase finials, the door applied with repoussé escutcheons, raised on associated claw feet 38cm. 15in. high",1695,
Royal & Noble,https://www.sothebys.com/en/buy/auction/2022/royal-noble,3–20 January 2022,London,https://www.sothebys.com/en/buy/auction/2022/royal-noble/a-scottish-george-ii-carved-giltwood-overmantel,"A Scottish George II carved giltwood overmantel mirror, second quarter 18th century, in the manner of Francis Brodie",GBP,"2,500","3,500","3,528"," The Property of the Marquess of Lothian A Scottish George II carved giltwood overmantel mirror, second quarter 18th century, in the manner of Francis Brodie  with triple bevelled plates within a strapwork and acanthus cushion frame between eagle headed scrolled stiles 60.5cm. high, 145cm. wide; 1ft. 113⁄4in., 4ft. 9in.",,
Royal & Noble,https://www.sothebys.com/en/buy/auction/2022/royal-noble,3–20 January 2022,London,https://www.sothebys.com/en/buy/auction/2022/royal-noble/a-set-of-four-george-ii-mahogany-torcheres-circa,"A set of four George II mahogany torchères, circa 1740",GBP,"6,000","9,000","37,800"," The Property of the Marquess of Lothian A set of four George II mahogany torchères, circa 1740  the carved and turned dished circular tops on turned stems 112cm. high, 35cm. diameter; 3ft. 8in., 1ft. 2in,",1740,
Royal & Noble,https://www.sothebys.com/en/buy/auction/2022/royal-noble,3–20 January 2022,London,https://www.sothebys.com/en/buy/auction/2022/royal-noble/a-set-of-8-historical-portraits-comprising,"Italian School, 17th century",GBP,"6,000","8,000","40,320"," The Property of the Marquess of Lothian Italian School, 17th century A set of 8 historical portraits comprising: Charlemagne (circa 748-814); Frederick I, Holy Roman Emperor, known as Barbarossa (1122-90); Giovanni Pico della Mirandola (1463-94); Cesare Borgia (1475/76-1507); Charles III, Duke of Bourbon (1490-1527); Alfonso d'Avalos d'Aquino, VI marquis of Pescara and II of Vasto (1502-46); Pope Pius V (1504-72); Ferdinando I de' Medici, Grand Duke of Tuscany (1549-1609).  each inscribed in Latin with the identity of the sitter; some inscribed with inventory numbers all oil on canvas each approx.: 63.5 x 49 cm.; 25 x 19 1⁄4 in. (Pope Pius V: 57 x 44.5 cm.; 22 1⁄2 x 173⁄8 in.) (8)",1609,
Royal & Noble,https://www.sothebys.com/en/buy/auction/2022/royal-noble,3–20 January 2022,London,https://www.sothebys.com/en/buy/auction/2022/royal-noble/sportsmen-and-their-dogs-halted-on-a-path-in-the,Wenzel Ignaz Prasch,GBP,"3,000","4,000","11,970"," Property removed from Fenton House to be sold on behalf of the 7th Earl of Durham Wenzel Ignaz Prasch Lissa 1708 - 1761 Schwabach Sportsmen and their dogs halted on a path in the wood  oil on canvas, in a Rococo ornamental overmantel frame unframed: 153.5 x 88.7 cm.; 601⁄2 x 347⁄8 in. framed: 193 x 106 cm.; 76 x 413⁄4 in.",1761,
Royal & Noble,https://www.sothebys.com/en/buy/auction/2022/royal-noble,3–20 January 2022,London,https://www.sothebys.com/en/buy/auction/2022/royal-noble/a-charles-ii-carved-and-pierced-giltwood-frame,"A Charles II carved and pierced giltwood frame, circa 1670",GBP,400,600,"1,764"," The Property of the Marquess of Lothian A Charles II carved and pierced giltwood frame, circa 1670  with scroll and shell border, now with a mirror plate and some re-gilding 101.5cm. high, 84cm. wide; 3ft. 4in., 2ft. 9in.",1670,
Royal & Noble,https://www.sothebys.com/en/buy/auction/2022/royal-noble,3–20 January 2022,London,https://www.sothebys.com/en/buy/auction/2022/royal-noble/a-set-of-11-portraits-of-the-dukes-of-brabant,"Italian School, 17th century",GBP,"6,000","8,000","20,160"," The Property of the Marquess of Lothian Italian School, 17th century A set of 11 portraits of the Dukes of Brabant, comprising: John III, Duke of Brabant (1300-55); Wenceslaus I, Duke of Luxembourg (1337-83); Anthony, Duke of Brabant (1384-1415); Philip I, Duke of Brabant (1404-30); Philip the Good (1396-1467); Charles the Bold (1433-77); Maximilian I, Holy Roman Emperor (1459-1519); Philip the Beautiful (1478-1506); Charles V (1500-58); Philip IV, II of Spain (1527-98); Albert VIII, Archduke of Austria (1599-1621).  each inscribed in Latin with the identity of the sitter; some inscribed with inventory numbers all oil on canvas each approx.: 63.8 x 51 cm.; 251⁄8 x 101⁄8 in. (11)",1621,
Royal & Noble,https://www.sothebys.com/en/buy/auction/2022/royal-noble,3–20 January 2022,London,https://www.sothebys.com/en/buy/auction/2022/royal-noble/a-set-of-6-historical-portraits-comprising-godfrey,"Italian School, 17th century",GBP,"4,000","6,000","17,640"," The Property of the Marquess of Lothian Italian School, 17th century A set of 6 historical portraits comprising: Godfrey of Bouillon (1060-1100); George Castriot, known as Skanderberg (1405-68); Gonzalo Ferdández de Córdoba (1453-1515); Charles VIII, King of France (1470–98); Pietro Aretino (1492-1556); Gabriel Bethlen (1580-1629). ﻿ each inscribed in Latin with the identity of the sitter; some inscribed with inventory numbers all oil on canvas each approx.: 63.5 x 49 cm.; 25 x 19 1⁄4 in. (6)",1629,
Royal & Noble,https://www.sothebys.com/en/buy/auction/2022/royal-noble,3–20 January 2022,London,https://www.sothebys.com/en/buy/auction/2022/royal-noble/the-newbattle-turks-a-set-of-6-historical,"Italian School, 17th century",GBP,"50,000","70,000","1,346,000"," The Property of the Marquess of Lothian Italian School, 17th century ""The Newbattle Turks"": A set of 6 historical portraits comprising: Tamerlane (1336-1405); Bayezid I (1360-1403); Mehmed I (1381-1421); Murad II (1404-51); Bayezid II (1447-1512); Suleiman the Magnificent (1494-1566) ﻿ each inscribed in Latin with the identity of the sitter; some inscribed with inventory numbers all oil on canvas the largest measuring approx.: 63.5 x 49 cm.; 25 x 19 1⁄4 in.; the smallest measuring approx.: 57.1 x 44.3 cm.; 22 1⁄2 x 17 1⁄2 in. (6)",1566,
Royal & Noble,https://www.sothebys.com/en/buy/auction/2022/royal-noble,3–20 January 2022,London,https://www.sothebys.com/en/buy/auction/2022/royal-noble/a-set-of-12-historical-portraits-comprising,"Italian School, 17th century",GBP,"8,000","12,000","40,320"," The Property of the Marquess of Lothian Italian School, 17th century A set of 12 historical portraits comprising: Sciarra Colonna (1270-1329); King Alfonso I of Naples (1396–1458); Matteo Palmieri (1406-75); Francesco I Gonzaga, Marchese di Mantua (1441-84); Andrea Giovanni Lascaris (1445-1534); Amerigo Vespucci (1454-1512); Vincenzo Capello (1469-1541); King Christian II of Denmark (1481-1559); Henry, King of Portugal (1512-80); Louis I de Bourbon, Prince of Condé (1530-69); Jan Zamoyski (1542-1605); Charles Emmanuel I, Duke of Savoy (1580-1630). ﻿ each inscribed in Latin with the identity of the sitter; some inscribed with inventory numbers all oil on canvas each approx.: 57.1 x 44.3 cm.; 22 1⁄2 x 17 1⁄2 in. (12)",1630,
Royal & Noble,https://www.sothebys.com/en/buy/auction/2022/royal-noble,3–20 January 2022,London,https://www.sothebys.com/en/buy/auction/2022/royal-noble/two-rare-scottish-george-iii-polychrome-decorated,"Two rare Scottish George III polychrome decorated leather fire buckets, second half 18th century",GBP,800,"1,200","1,512"," The Property of the Marquess of Lothian Two rare Scottish George III polychrome decorated leather fire buckets, second half 18th century  painted with the Lothian armorial bearings and with loop handles 27cm. high, 28.5cm. diameter; 101⁄2in., 111⁄4in.",,
Royal & Noble,https://www.sothebys.com/en/buy/auction/2022/royal-noble,3–20 January 2022,London,https://www.sothebys.com/en/buy/auction/2022/royal-noble/a-large-pair-of-victorian-brass-mounted-cast-iron,"A large pair of Victorian brass mounted cast iron andirons, possibly designed by J. H. Pollen and by Joshua Hart & Son, circa 1860",GBP,"1,000","1,500","1,008"," The Property of the Marquess of Lothian A large pair of Victorian brass mounted cast iron andirons, possibly designed by J. H. Pollen and by Joshua Hart & Son, circa 1860  in Elizabethan style, together with a set of early Victorian polished steel fire irons each with ball and foliate finials 70cm. high; 2ft. 31⁄2in.",1860,
Royal & Noble,https://www.sothebys.com/en/buy/auction/2022/royal-noble,3–20 January 2022,London,https://www.sothebys.com/en/buy/auction/2022/royal-noble/a-victorian-oak-folio-stand-third-quarter-19th,"A Victorian oak folio stand, third quarter 19th century",GBP,600,900,882," The Property of the Marquess of Lothian A Victorian oak folio stand, third quarter 19th century  with three divisions, the sides with fretwork, the castors stamped COPE'S PATENT 68cm. high, 65cm. wide, 50cm. deep; 2ft. 23⁄4in., 2ft. 11⁄2in., 1ft. 71⁄2in.",,
Royal & Noble,https://www.sothebys.com/en/buy/auction/2022/royal-noble,3–20 January 2022,London,https://www.sothebys.com/en/buy/auction/2022/royal-noble/portrait-of-mary-of-modena-1658-1718-wife-of-james,"Follower of Sir Godfrey Kneller, Bt.",GBP,"3,000","5,000","3,780"," Follower of Sir Godfrey Kneller, Bt. Portrait of Mary of Modena (1658–1718), wife of James, Duke of York, later James II  inscribed with inventory number lower left: 232 oil on canvas, in a painted oval unframed: 77 x 64.7 cm.; 303⁄8 x 251⁄2 in. framed: 105 x 92.5 cm.; 413⁄8 x 363⁄8 in.",1718,
Royal & Noble,https://www.sothebys.com/en/buy/auction/2022/royal-noble,3–20 January 2022,London,https://www.sothebys.com/en/buy/auction/2022/royal-noble/portrait-of-edward-count-palatine-of-simmern-1625,Studio of Gerrit van Honthorst,GBP,"3,000","4,000","7,560"," The Property of the Marquess of Lothian Studio of Gerrit van Honthorst Utrecht 1592 - 1656 Portrait of Edward, Count Palatine of Simmern (1625–1663), 6th son of Queen Elizabeth of Bohemia, in Roman dress  oil on oak panel, reduced, oval unframed: 43.2 x 36.3 cm.; 17 x 141⁄4 in. framed: 47.5 x 42 cm.; 183⁄4 x 161⁄2 in.",1663,
Royal & Noble,https://www.sothebys.com/en/buy/auction/2022/royal-noble,3–20 January 2022,London,https://www.sothebys.com/en/buy/auction/2022/royal-noble/highland-cattle-with-drovers,Louis Bosworth Hurt,GBP,"10,000","15,000","10,080"," Property removed from Fenton House to be sold on behalf of the 7th Earl of Durham Louis Bosworth Hurt British 1856 - 1929 Highland Cattle with Drovers  signed and dated Louis B. Hurt. \88. lower right oil on canvas Unframed: 62 by 92cm., 241⁄2 by 36in. Framed: 91 by 122cm., 36 by 48in.",1929,
Royal & Noble,https://www.sothebys.com/en/buy/auction/2022/royal-noble,3–20 January 2022,London,https://www.sothebys.com/en/buy/auction/2022/royal-noble/portrait-of-the-hon-thomas-coke-1674-1727-of,Michael Dahl,GBP,"4,000","6,000",," Property of Lord Ralph Kerr Michael Dahl Stockholm circa 1659 - 1743 London Portrait of the Hon. Thomas Coke (1674-1727) of Melbourne Hall, bust-length  oil on canvas, in a half painted oval, the top corners added unframed: 76.2 x 63 cm.; 30 x 243⁄4 in. framed: 95.5 x 83.4 cm.; 375⁄8 x 327⁄8 in.",1727,
Royal & Noble,https://www.sothebys.com/en/buy/auction/2022/royal-noble,3–20 January 2022,London,https://www.sothebys.com/en/buy/auction/2022/royal-noble/portrait-of-a-gentleman,Edward Lutterell,GBP,"2,000","3,000",," Property of Lord Ralph Kerr Edward Lutterell London circa 1650 - 1737 Braunton, Devon Portrait of a gentleman ﻿ Pastel on copper; signed centre left: Lutterell fe: / 1689 247 by 210 mm.; 91⁄4 by 8 in.",1689,
Royal & Noble,https://www.sothebys.com/en/buy/auction/2022/royal-noble,3–20 January 2022,London,https://www.sothebys.com/en/buy/auction/2022/royal-noble/a-george-ii-boxwood-and-ebony-strung-mahogany-tea,"A George II boxwood and ebony strung mahogany tea caddy, circa 1760, in the manner of Thomas Chippendale",GBP,300,500,"1,008"," The Property of the Marquess of Lothian A George II boxwood and ebony strung mahogany tea caddy, circa 1760, in the manner of Thomas Chippendale  17cm. high, 25.5cm. wide, 15.5cm. deep; 63⁄4in., 10in., 61⁄4in.",1760,
Royal & Noble,https://www.sothebys.com/en/buy/auction/2022/royal-noble,3–20 January 2022,London,https://www.sothebys.com/en/buy/auction/2022/royal-noble/equestrian-portrait-of-a-gentleman,Pauwels van Hillegaert,GBP,"2,000","3,000","2,520", The Property of the Marquess of Lothian Pauwels van Hillegaert Amsterdam 1596 - 1640 Equestrian portrait of a gentleman  inscribed with inventory number twice lower left: 280 oil on oak panel unframed: 29.8 x 25.8 cm.; 117⁄8 x 101⁄4 in. framed: 46 x 42 cm.; 181⁄8 x 161⁄2 in.,1640,
Royal & Noble,https://www.sothebys.com/en/buy/auction/2022/royal-noble,3–20 January 2022,London,https://www.sothebys.com/en/buy/auction/2022/royal-noble/portrait-of-a-bearded-soldier-in-classical-armour,Follower of Frans Floris,GBP,500,700,"3,276"," The Property of the Marquess of Lothian Follower of Frans Floris Portrait of a bearded soldier in classical armour  inscribed with inventory number lower left: 174 oil on oak panel, possibly reduced unframed: 45.5 x 33.7 cm.; 18 x 131⁄4 in. framed: 60 x 48 cm.; 235⁄8 x 187⁄8 in.",,
Royal & Noble,https://www.sothebys.com/en/buy/auction/2022/royal-noble,3–20 January 2022,London,https://www.sothebys.com/en/buy/auction/2022/royal-noble/a-scottish-george-iii-carved-giltwood-and-gilt,"A Scottish George III carved giltwood and gilt-gesso oval mirror, circa 1765, in the manner of William Mathie",GBP,"3,000","5,000","2,142"," The Property of the Marquess of Lothian A Scottish George III carved giltwood and gilt-gesso oval mirror, circa 1765, in the manner of William Mathie  the stop surmounted by an urn, with husk festoons and scrollwork, losses 126cm. high, 68cm. wide; 4ft. 11⁄2in., 2ft. 23⁄4in.",1765,
Royal & Noble,https://www.sothebys.com/en/buy/auction/2022/royal-noble,3–20 January 2022,London,https://www.sothebys.com/en/buy/auction/2022/royal-noble/a-bear-hunt,Follower of Karl Ruthardt,GBP,"1,500","2,000","9,450", The Property of the Marquess of Lothian Follower of Karl Ruthardt A bear hunt  inscribed with inventory number lower left: 408 oil on canvas unframed: 99 x 106.5 cm.; 39 x 417⁄8 in. framed: 116.5 x 124.5 cm.; 457⁄8 x 49 in.,,
Royal & Noble,https://www.sothebys.com/en/buy/auction/2022/royal-noble,3–20 January 2022,London,https://www.sothebys.com/en/buy/auction/2022/royal-noble/a-chinese-export-lacquer-games-box-early-19th,"A Chinese export lacquer games box, early 19th century",GBP,600,900,882," The Property of the Marquess of Lothian A Chinese export lacquer games box, early 19th century  5.5cm. high, 26.5cm. side, 19cm. deep; 21⁄4in., 101⁄2in., 71⁄2in.",,
Royal & Noble,https://www.sothebys.com/en/buy/auction/2022/royal-noble,3–20 January 2022,London,https://www.sothebys.com/en/buy/auction/2022/royal-noble/a-regency-rosewood-crossbanded-ebony-and-boxwood,"A Regency rosewood crossbanded, ebony and boxwood strung mahogany sofa table, possibly Scottish, circa 1815",GBP,"1,200","1,800",," The Property of the Marquess of Lothian A Regency rosewood crossbanded, ebony and boxwood strung mahogany sofa table, possibly Scottish, circa 1815  with a pair of frieze drawers opposing dummy drawers, on a trestle frame with down-curved legs ending in brass cappings and castors 73.5cm. high, 163cm. extended, 66cm. deep; 2ft. 5in., 5ft. 41⁄4in., 2ft. 2in.",1815,
Royal & Noble,https://www.sothebys.com/en/buy/auction/2022/royal-noble,3–20 January 2022,London,https://www.sothebys.com/en/buy/auction/2022/royal-noble/a-scottish-george-iii-style-pierced-and-engraved,A Scottish George III style pierced and engraved brass fender in the manner of David Robertson of Edinburgh,GBP,"1,200","1,800",504," The Property of the Marquess of Lothian A Scottish George III style pierced and engraved brass fender in the manner of David Robertson of Edinburgh  decorated with Wyverns and scrolling foliage fixed to a steel base, together with a set of George III brass mounted and polished steel fire irons and a pair of George III brass and steel andiron and a brass mounted fuel carrying ladle (7) 15cm. high, 160cm. wide, 31cm. deep; 6in., 5ft. 3in., 1ft. 1⁄4in.",,
Royal & Noble,https://www.sothebys.com/en/buy/auction/2022/royal-noble,3–20 January 2022,London,https://www.sothebys.com/en/buy/auction/2022/royal-noble/a-set-of-six-north-italian-parcel-gilt-and-painted,"A set of six North Italian parcel-gilt and painted armchairs, early 19th century",GBP,"1,500","2,500","1,260"," Property removed from Fenton House to be sold on behalf of the 7th Earl of Durham A set of six North Italian parcel-gilt and painted armchairs, early 19th century  painting simulating mahogany, each with pierced backrests and armrests terminating with a lion head, now covered with light green and yellow cut-velvet upholstery",,
Royal & Noble,https://www.sothebys.com/en/buy/auction/2022/royal-noble,3–20 January 2022,London,https://www.sothebys.com/en/buy/auction/2022/royal-noble/a-japanese-imari-composite-part-service-edo-period,"A Japanese Imari composite part-service, Edo period, circa 1700",GBP,600,900,756," The Property of the Marquess of Lothian A Japanese Imari composite part-service Edo period, circa 1700  painted with a vase issuing flowers on terracing, below a border of scale-pattern roundels and pendant flowers, the plates similar with borders of flowers, comprising: -a pair of octagonal dishes, -three similar smaller, -and seven plates the largest, 25.1cm., 97⁄8in. wide, 22.3cm., 83⁄4in. wide and 25.1cm., 97⁄8in. diam. (12)",1700,
Royal & Noble,https://www.sothebys.com/en/buy/auction/2022/royal-noble,3–20 January 2022,London,https://www.sothebys.com/en/buy/auction/2022/royal-noble/two-imari-vases-and-associated-covers-edo-period,"Two Imari vases and associated covers, Edo period, late 17th century",GBP,"1,500","2,500","4,788"," Property of a Scottish Noblewoman Two Imari vases and associated covers Edo period, late 17th century  each decorated in iron red, green and black enamels and gilt on underglaze blue, one with peony sprays, the other with birds in bowing branches, the associated covers with wooden knop finials, restorations and losses approximately 57cm. high and 56cm. high",,
Royal & Noble,https://www.sothebys.com/en/buy/auction/2022/royal-noble,3–20 January 2022,London,https://www.sothebys.com/en/buy/auction/2022/royal-noble/a-large-chinese-export-famille-rose-punch-bowl,"A large Chinese Export famille-rose punch bowl, Qing dynasty, 18th century",GBP,800,"1,200","4,032"," Property of a Scottish Noblewoman A large Chinese Export famille-rose punch bowl, Qing dynasty, 18th century  with floral sprays and gilt-heightened decoration, 18cm. high, 41cm. diameter, together with a pair of Chinese Export bottle vases decorated with blue flowers and with reserves of figures and birds, 22cm. high, and two famille rose plates, dish en suite and associated sauce boat, repairs, and a small Imari style bowl (8)",,
Royal & Noble,https://www.sothebys.com/en/buy/auction/2022/royal-noble,3–20 January 2022,London,https://www.sothebys.com/en/buy/auction/2022/royal-noble/a-victorian-hardstone-pebble-mounted-brass,"A Victorian hardstone 'pebble' mounted brass stationery box, third quarter 19th century",GBP,300,500,"1,764"," The Property of the Marquess of Lothian A Victorian hardstone 'pebble' mounted brass stationery box third quarter 19th century  the exterior with mounted cabouchon hardstones and engraved rope twist borders, the interior with papered divisions 14.5cm. high, 21cm. wide, 11.5cm. deep; 53⁄4in., 81⁄4in., 41⁄2in.",,
Royal & Noble,https://www.sothebys.com/en/buy/auction/2022/royal-noble,3–20 January 2022,London,https://www.sothebys.com/en/buy/auction/2022/royal-noble/a-pair-of-george-iv-rosewood-card-tables-circa,"A pair of George IV rosewood card tables, circa 1830",GBP,"1,200","1,800","1,512"," The Property of the Marquess of Lothian A pair of George IV rosewood card tables circa 1830  each foldover swivel top enclosing a baize lined playing surface over a well, on square tapering stems with reel mouldings and quarto-form platform on lion's paw feet with concealed castors 72.5cm. high, 91.5cm. wide, 45cm. deep; 2ft. 41⁄2in., 3ft., 1ft. 53⁄4in.",1830,
Royal & Noble,https://www.sothebys.com/en/buy/auction/2022/royal-noble,3–20 January 2022,London,https://www.sothebys.com/en/buy/auction/2022/royal-noble/a-gilt-brass-engraved-gorge-repeating-carriage,"A gilt-brass engraved gorge repeating carriage clock with alarm, French, circa 1875",GBP,"2,000","3,000","2,520"," The Property of the Marquess of Lothian A gilt-brass engraved gorge repeating carriage clock with alarm, French circa 1875  the Sèvres-style porcelain dial painted with 18th Century female figures within blue and gilt borders, repeating bell striking movement No.4780/955 with J.Soldano ratchet tooth lever escapement No.955, the bevel-glazed case engraved overall with flowers and arabesques, the rear door applied with a later presentation plaque 13.5cm. 51⁄4in. high",1875,
Royal & Noble,https://www.sothebys.com/en/buy/auction/2022/royal-noble,3–20 January 2022,London,https://www.sothebys.com/en/buy/auction/2022/royal-noble/a-vincennes-cup-and-saucer-circa-1754-55,"A Vincennes cup and saucer, circa 1754-55",GBP,800,"1,200","4,032"," The Property of the Marquess of Lothian A Vincennes cup and saucer circa 1754-55  gobelet 'Hébert' et soucoupe, of the second size, the saucer with lobed panels, painted with flower trails issuing from finely tooled gilt swags, with bleu-celéste  bands at the rims, interlaced LL marks in blue, containing date letter B for 1755 to cup, A for 1754 to saucer, the cup with painter's mark fleur-de-lys for Vincent Taillandier (active as a painter of flowers and ground patterns from 1753-90), the saucer with unidentified painter's mark of three dots in triangle form (2)",1753,
Royal & Noble,https://www.sothebys.com/en/buy/auction/2022/royal-noble,3–20 January 2022,London,https://www.sothebys.com/en/buy/auction/2022/royal-noble/a-minton-cabinet-plate-of-sevres-catherine-the,"A Minton cabinet plate of Sèvres Catherine the Great service pattern, circa 1884",GBP,400,600,"2,520"," The Property of the Marquess of Lothian A Minton cabinet plate of Sèvres Catherine the Great service pattern circa 1884  the rich decoration incorporating the central interlaced LL monogram of Lothian surmounted with a Marquess' coronet, reserved on a turquoise enamel ground with bands of flowers, cameos and raised gilded scrollwork, crowned MINTONS globe mark, retailer T. GOODE & Co., impressed date code for 1884, 25.7cm., 101⁄8in. diam.",1884,
Royal & Noble,https://www.sothebys.com/en/buy/auction/2022/royal-noble,3–20 January 2022,London,https://www.sothebys.com/en/buy/auction/2022/royal-noble/a-sevres-porcelain-cylindrical-cup-and-saucer,"A Sèvres porcelain cylindrical cup and saucer ('gobelet litron et soucoupe'), circa 1784",GBP,600,900,"2,772"," Property removed from Fenton House to be sold on behalf of the 7th Earl of Durham A Sèvres porcelain cylindrical cup and saucer ('gobelet litron et soucoupe'), circa 1784  painted by Pierre Le Jeune with still lifes of flowers and fruit in oval medallions hung with pink rose swags reserved on a blue ground with lilac medallion of flowers, painters mark P7, painted marks in blue/black saucer 13.2cm. diameter, 51⁄8in.; cup 6.8cm. high, 25⁄8in.",1784,
Royal & Noble,https://www.sothebys.com/en/buy/auction/2022/royal-noble,3–20 January 2022,London,https://www.sothebys.com/en/buy/auction/2022/royal-noble/a-meissen-kakiemon-part-tea-service-circa-1735,"A Meissen Kakiemon part tea service, circa 1735",GBP,"1,000","1,500","2,268"," Property from His Grace the Duke of Montrose A Meissen Kakiemon part tea service, circa 1735  painted and gilt with flowering branches and pomegranates within brown-lined rims, comprising: -a quatrefoil sugar bowl and cover, 7cm. high, 12.5cm. wide -four tea bowls and three saucers, each saucer 11.5cm. wide; and a pentafoil dish, similar painted with the quail-pattern, 13.2cm. wide, blue crossed swords marks (10)",1735,
