auction_title,auction_url,auction_date,auction_location,url
Royal & Noble,https://www.sothebys.com/en/buy/auction/2022/royal-noble,3–20 January 2022,London,https://www.sothebys.com/en/buy/auction/2022/royal-noble/a-victorian-green-painted-and-verdigris-copper
Royal & Noble,https://www.sothebys.com/en/buy/auction/2022/royal-noble,3–20 January 2022,London,https://www.sothebys.com/en/buy/auction/2022/royal-noble/a-pair-of-continental-carved-and-painted-stags
Royal & Noble,https://www.sothebys.com/en/buy/auction/2022/royal-noble,3–20 January 2022,London,https://www.sothebys.com/en/buy/auction/2022/royal-noble/a-victorian-taxidermy-tableau-of-two-toads-engaged
Royal & Noble,https://www.sothebys.com/en/buy/auction/2022/royal-noble,3–20 January 2022,London,https://www.sothebys.com/en/buy/auction/2022/royal-noble/a-victorian-carved-oak-country-house-dinner-gong
Royal & Noble,https://www.sothebys.com/en/buy/auction/2022/royal-noble,3–20 January 2022,London,https://www.sothebys.com/en/buy/auction/2022/royal-noble/james-bretherton-active-1770-1781-after-henry
Royal & Noble,https://www.sothebys.com/en/buy/auction/2022/royal-noble,3–20 January 2022,London,https://www.sothebys.com/en/buy/auction/2022/royal-noble/an-early-victorian-parcel-gilt-marquetry-and-oak
Royal & Noble,https://www.sothebys.com/en/buy/auction/2022/royal-noble,3–20 January 2022,London,https://www.sothebys.com/en/buy/auction/2022/royal-noble/waiting-for-the-conclusion-of-the-shower-as
Royal & Noble,https://www.sothebys.com/en/buy/auction/2022/royal-noble,3–20 January 2022,London,https://www.sothebys.com/en/buy/auction/2022/royal-noble/sportsmen-and-their-dogs-halted-on-a-path-in-the
Royal & Noble,https://www.sothebys.com/en/buy/auction/2022/royal-noble,3–20 January 2022,London,https://www.sothebys.com/en/buy/auction/2022/royal-noble/highland-cattle-with-drovers
Royal & Noble,https://www.sothebys.com/en/buy/auction/2022/royal-noble,3–20 January 2022,London,https://www.sothebys.com/en/buy/auction/2022/royal-noble/a-set-of-six-north-italian-parcel-gilt-and-painted
Royal & Noble,https://www.sothebys.com/en/buy/auction/2022/royal-noble,3–20 January 2022,London,https://www.sothebys.com/en/buy/auction/2022/royal-noble/a-german-carved-giltwood-mirror-third-quarter-18th
Royal & Noble,https://www.sothebys.com/en/buy/auction/2022/royal-noble,3–20 January 2022,London,https://www.sothebys.com/en/buy/auction/2022/royal-noble/a-gilt-and-patinated-bronze-mantel-clock-french
Royal & Noble,https://www.sothebys.com/en/buy/auction/2022/royal-noble,3–20 January 2022,London,https://www.sothebys.com/en/buy/auction/2022/royal-noble/portrait-of-a-lady-half-length-wearing-a-white-and
Royal & Noble,https://www.sothebys.com/en/buy/auction/2022/royal-noble,3–20 January 2022,London,https://www.sothebys.com/en/buy/auction/2022/royal-noble/portrait-of-a-young-girl-holding-an-orange-with-a
Royal & Noble,https://www.sothebys.com/en/buy/auction/2022/royal-noble,3–20 January 2022,London,https://www.sothebys.com/en/buy/auction/2022/royal-noble/portrait-of-a-lady-said-to-be-catherine-lady
Royal & Noble,https://www.sothebys.com/en/buy/auction/2022/royal-noble,3–20 January 2022,London,https://www.sothebys.com/en/buy/auction/2022/royal-noble/a-harlequin-set-of-four-victorian-reclining
Royal & Noble,https://www.sothebys.com/en/buy/auction/2022/royal-noble,3–20 January 2022,London,https://www.sothebys.com/en/buy/auction/2022/royal-noble/an-antiquarian-carved-oak-tester-bed-19th-century
Royal & Noble,https://www.sothebys.com/en/buy/auction/2022/royal-noble,3–20 January 2022,London,https://www.sothebys.com/en/buy/auction/2022/royal-noble/a-pair-of-george-iii-style-mahogany-bedside
Royal & Noble,https://www.sothebys.com/en/buy/auction/2022/royal-noble,3–20 January 2022,London,https://www.sothebys.com/en/buy/auction/2022/royal-noble/a-pair-of-regency-gilt-brass-mounted-upholstered
Royal & Noble,https://www.sothebys.com/en/buy/auction/2022/royal-noble,3–20 January 2022,London,https://www.sothebys.com/en/buy/auction/2022/royal-noble/the-rescue
Royal & Noble,https://www.sothebys.com/en/buy/auction/2022/royal-noble,3–20 January 2022,London,https://www.sothebys.com/en/buy/auction/2022/royal-noble/a-lacquered-brass-and-painted-tole-automaton-clock
Royal & Noble,https://www.sothebys.com/en/buy/auction/2022/royal-noble,3–20 January 2022,London,https://www.sothebys.com/en/buy/auction/2022/royal-noble/take-up-the-sword-of-justice
Royal & Noble,https://www.sothebys.com/en/buy/auction/2022/royal-noble,3–20 January 2022,London,https://www.sothebys.com/en/buy/auction/2022/royal-noble/the-return-of-richard-the-lionheart
Royal & Noble,https://www.sothebys.com/en/buy/auction/2022/royal-noble,3–20 January 2022,London,https://www.sothebys.com/en/buy/auction/2022/royal-noble/the-fisherman-and-the-siren
Royal & Noble,https://www.sothebys.com/en/buy/auction/2022/royal-noble,3–20 January 2022,London,https://www.sothebys.com/en/buy/auction/2022/royal-noble/portrait-of-lady-elizabeth-bulteel-wearing-a-white
Royal & Noble,https://www.sothebys.com/en/buy/auction/2022/royal-noble,3–20 January 2022,London,https://www.sothebys.com/en/buy/auction/2022/royal-noble/portrait-bust-of-boy-probably-charles-william
Royal & Noble,https://www.sothebys.com/en/buy/auction/2022/royal-noble,3–20 January 2022,London,https://www.sothebys.com/en/buy/auction/2022/royal-noble/portrait-of-lady-elizabeth-bulteel-wearing-a-black
Royal & Noble,https://www.sothebys.com/en/buy/auction/2022/royal-noble,3–20 January 2022,London,https://www.sothebys.com/en/buy/auction/2022/royal-noble/mater-christi-alma
Royal & Noble,https://www.sothebys.com/en/buy/auction/2022/royal-noble,3–20 January 2022,London,https://www.sothebys.com/en/buy/auction/2022/royal-noble/orpheus
Royal & Noble,https://www.sothebys.com/en/buy/auction/2022/royal-noble,3–20 January 2022,London,https://www.sothebys.com/en/buy/auction/2022/royal-noble/la-moglie-dandrea-the-wife-of-andrea
Royal & Noble,https://www.sothebys.com/en/buy/auction/2022/royal-noble,3–20 January 2022,London,https://www.sothebys.com/en/buy/auction/2022/royal-noble/rose-portrait-of-mary-emma-jones
Royal & Noble,https://www.sothebys.com/en/buy/auction/2022/royal-noble,3–20 January 2022,London,https://www.sothebys.com/en/buy/auction/2022/royal-noble/night
Royal & Noble,https://www.sothebys.com/en/buy/auction/2022/royal-noble,3–20 January 2022,London,https://www.sothebys.com/en/buy/auction/2022/royal-noble/portrait-of-mrs-vane
Royal & Noble,https://www.sothebys.com/en/buy/auction/2022/royal-noble,3–20 January 2022,London,https://www.sothebys.com/en/buy/auction/2022/royal-noble/seated-female-nude
Royal & Noble,https://www.sothebys.com/en/buy/auction/2022/royal-noble,3–20 January 2022,London,https://www.sothebys.com/en/buy/auction/2022/royal-noble/study-of-a-standing-nude-amongst-iris-and-narcissi
Royal & Noble,https://www.sothebys.com/en/buy/auction/2022/royal-noble,3–20 January 2022,London,https://www.sothebys.com/en/buy/auction/2022/royal-noble/a-lady-overlooking-a-venetian-canal
Royal & Noble,https://www.sothebys.com/en/buy/auction/2022/royal-noble,3–20 January 2022,London,https://www.sothebys.com/en/buy/auction/2022/royal-noble/a-racehorse-in-a-landscape
Royal & Noble,https://www.sothebys.com/en/buy/auction/2022/royal-noble,3–20 January 2022,London,https://www.sothebys.com/en/buy/auction/2022/royal-noble/homeward
Royal & Noble,https://www.sothebys.com/en/buy/auction/2022/royal-noble,3–20 January 2022,London,https://www.sothebys.com/en/buy/auction/2022/royal-noble/a-mare-and-foal-in-a-paddock
Royal & Noble,https://www.sothebys.com/en/buy/auction/2022/royal-noble,3–20 January 2022,London,https://www.sothebys.com/en/buy/auction/2022/royal-noble/a-boxing-match
Royal & Noble,https://www.sothebys.com/en/buy/auction/2022/royal-noble,3–20 January 2022,London,https://www.sothebys.com/en/buy/auction/2022/royal-noble/la-lyre-and-fourteen-other-works
Royal & Noble,https://www.sothebys.com/en/buy/auction/2022/royal-noble,3–20 January 2022,London,https://www.sothebys.com/en/buy/auction/2022/royal-noble/group-of-figures
Royal & Noble,https://www.sothebys.com/en/buy/auction/2022/royal-noble,3–20 January 2022,London,https://www.sothebys.com/en/buy/auction/2022/royal-noble/a-regency-brass-inlaid-rosewood-and-ebonised
Royal & Noble,https://www.sothebys.com/en/buy/auction/2022/royal-noble,3–20 January 2022,London,https://www.sothebys.com/en/buy/auction/2022/royal-noble/a-set-of-six-george-ii-carved-mahogany-side-chairs
Royal & Noble,https://www.sothebys.com/en/buy/auction/2022/royal-noble,3–20 January 2022,London,https://www.sothebys.com/en/buy/auction/2022/royal-noble/a-george-ii-oval-mahogany-twin-gateleg-table-mid
Royal & Noble,https://www.sothebys.com/en/buy/auction/2022/royal-noble,3–20 January 2022,London,https://www.sothebys.com/en/buy/auction/2022/royal-noble/portrait-of-sir-william-lowther-half-length
Royal & Noble,https://www.sothebys.com/en/buy/auction/2022/royal-noble,3–20 January 2022,London,https://www.sothebys.com/en/buy/auction/2022/royal-noble/portrait-of-isabella-curwen-nee-gale-1765-1820
Royal & Noble,https://www.sothebys.com/en/buy/auction/2022/royal-noble,3–20 January 2022,London,https://www.sothebys.com/en/buy/auction/2022/royal-noble/portrait-of-a-gentleman-half-length-holding-a
Royal & Noble,https://www.sothebys.com/en/buy/auction/2022/royal-noble,3–20 January 2022,London,https://www.sothebys.com/en/buy/auction/2022/royal-noble/a-george-iii-mahogany-wardrobe-by-gillows-1788
Royal & Noble,https://www.sothebys.com/en/buy/auction/2022/royal-noble,3–20 January 2022,London,https://www.sothebys.com/en/buy/auction/2022/royal-noble/a-pair-of-george-iii-mahogany-bedside-commodes-by
Royal & Noble,https://www.sothebys.com/en/buy/auction/2022/royal-noble,3–20 January 2022,London,https://www.sothebys.com/en/buy/auction/2022/royal-noble/a-george-ii-mahogany-press-cupboard-of
Royal & Noble,https://www.sothebys.com/en/buy/auction/2022/royal-noble,3–20 January 2022,London,https://www.sothebys.com/en/buy/auction/2022/royal-noble/a-george-iii-silver-entree-dish-and-cover-thomas
Royal & Noble,https://www.sothebys.com/en/buy/auction/2022/royal-noble,3–20 January 2022,London,https://www.sothebys.com/en/buy/auction/2022/royal-noble/a-george-iii-silver-mirror-plateau-in-six-sections
Royal & Noble,https://www.sothebys.com/en/buy/auction/2022/royal-noble,3–20 January 2022,London,https://www.sothebys.com/en/buy/auction/2022/royal-noble/a-victorian-hanoverian-pattern-silver-cutlery-set
Royal & Noble,https://www.sothebys.com/en/buy/auction/2022/royal-noble,3–20 January 2022,London,https://www.sothebys.com/en/buy/auction/2022/royal-noble/a-george-v-silver-coffee-pot-london-1911
Royal & Noble,https://www.sothebys.com/en/buy/auction/2022/royal-noble,3–20 January 2022,London,https://www.sothebys.com/en/buy/auction/2022/royal-noble/a-french-silver-sauceboat-on-stand-jean-baptiste
Royal & Noble,https://www.sothebys.com/en/buy/auction/2022/royal-noble,3–20 January 2022,London,https://www.sothebys.com/en/buy/auction/2022/royal-noble/a-victorian-silver-hot-water-jug-edward-barnard
Royal & Noble,https://www.sothebys.com/en/buy/auction/2022/royal-noble,3–20 January 2022,London,https://www.sothebys.com/en/buy/auction/2022/royal-noble/a-milkmaid-milking-cows-in-a-field
Royal & Noble,https://www.sothebys.com/en/buy/auction/2022/royal-noble,3–20 January 2022,London,https://www.sothebys.com/en/buy/auction/2022/royal-noble/dresden-a-view-of-the-old-fortifications-from-the
Royal & Noble,https://www.sothebys.com/en/buy/auction/2022/royal-noble,3–20 January 2022,London,https://www.sothebys.com/en/buy/auction/2022/royal-noble/still-life-with-shellfish-fish-lemons-and-goldfish
Royal & Noble,https://www.sothebys.com/en/buy/auction/2022/royal-noble,3–20 January 2022,London,https://www.sothebys.com/en/buy/auction/2022/royal-noble/the-three-windmills
Royal & Noble,https://www.sothebys.com/en/buy/auction/2022/royal-noble,3–20 January 2022,London,https://www.sothebys.com/en/buy/auction/2022/royal-noble/bij-de-stad
Royal & Noble,https://www.sothebys.com/en/buy/auction/2022/royal-noble,3–20 January 2022,London,https://www.sothebys.com/en/buy/auction/2022/royal-noble/british-men-of-war-off-spithead-portsmouth-and
Royal & Noble,https://www.sothebys.com/en/buy/auction/2022/royal-noble,3–20 January 2022,London,https://www.sothebys.com/en/buy/auction/2022/royal-noble/on-the-river-rhine
Royal & Noble,https://www.sothebys.com/en/buy/auction/2022/royal-noble,3–20 January 2022,London,https://www.sothebys.com/en/buy/auction/2022/royal-noble/a-town-in-brittany-france
Royal & Noble,https://www.sothebys.com/en/buy/auction/2022/royal-noble,3–20 January 2022,London,https://www.sothebys.com/en/buy/auction/2022/royal-noble/east-end-of-howden-church-yorkshire
Royal & Noble,https://www.sothebys.com/en/buy/auction/2022/royal-noble,3–20 January 2022,London,https://www.sothebys.com/en/buy/auction/2022/royal-noble/an-ebonised-basket-top-table-clock-english-circa
Royal & Noble,https://www.sothebys.com/en/buy/auction/2022/royal-noble,3–20 January 2022,London,https://www.sothebys.com/en/buy/auction/2022/royal-noble/a-scottish-george-ii-carved-giltwood-overmantel
Royal & Noble,https://www.sothebys.com/en/buy/auction/2022/royal-noble,3–20 January 2022,London,https://www.sothebys.com/en/buy/auction/2022/royal-noble/a-set-of-four-george-ii-mahogany-torcheres-circa
Royal & Noble,https://www.sothebys.com/en/buy/auction/2022/royal-noble,3–20 January 2022,London,https://www.sothebys.com/en/buy/auction/2022/royal-noble/a-set-of-8-historical-portraits-comprising
Royal & Noble,https://www.sothebys.com/en/buy/auction/2022/royal-noble,3–20 January 2022,London,https://www.sothebys.com/en/buy/auction/2022/royal-noble/a-charles-ii-carved-and-pierced-giltwood-frame
Royal & Noble,https://www.sothebys.com/en/buy/auction/2022/royal-noble,3–20 January 2022,London,https://www.sothebys.com/en/buy/auction/2022/royal-noble/a-set-of-11-portraits-of-the-dukes-of-brabant
Royal & Noble,https://www.sothebys.com/en/buy/auction/2022/royal-noble,3–20 January 2022,London,https://www.sothebys.com/en/buy/auction/2022/royal-noble/a-set-of-6-historical-portraits-comprising-godfrey
Royal & Noble,https://www.sothebys.com/en/buy/auction/2022/royal-noble,3–20 January 2022,London,https://www.sothebys.com/en/buy/auction/2022/royal-noble/the-newbattle-turks-a-set-of-6-historical
Royal & Noble,https://www.sothebys.com/en/buy/auction/2022/royal-noble,3–20 January 2022,London,https://www.sothebys.com/en/buy/auction/2022/royal-noble/a-set-of-12-historical-portraits-comprising
Royal & Noble,https://www.sothebys.com/en/buy/auction/2022/royal-noble,3–20 January 2022,London,https://www.sothebys.com/en/buy/auction/2022/royal-noble/two-rare-scottish-george-iii-polychrome-decorated
Royal & Noble,https://www.sothebys.com/en/buy/auction/2022/royal-noble,3–20 January 2022,London,https://www.sothebys.com/en/buy/auction/2022/royal-noble/a-large-pair-of-victorian-brass-mounted-cast-iron
Royal & Noble,https://www.sothebys.com/en/buy/auction/2022/royal-noble,3–20 January 2022,London,https://www.sothebys.com/en/buy/auction/2022/royal-noble/a-victorian-oak-folio-stand-third-quarter-19th
Royal & Noble,https://www.sothebys.com/en/buy/auction/2022/royal-noble,3–20 January 2022,London,https://www.sothebys.com/en/buy/auction/2022/royal-noble/portrait-of-mary-of-modena-1658-1718-wife-of-james
Royal & Noble,https://www.sothebys.com/en/buy/auction/2022/royal-noble,3–20 January 2022,London,https://www.sothebys.com/en/buy/auction/2022/royal-noble/portrait-of-edward-count-palatine-of-simmern-1625
Royal & Noble,https://www.sothebys.com/en/buy/auction/2022/royal-noble,3–20 January 2022,London,https://www.sothebys.com/en/buy/auction/2022/royal-noble/portrait-of-the-hon-thomas-coke-1674-1727-of
Royal & Noble,https://www.sothebys.com/en/buy/auction/2022/royal-noble,3–20 January 2022,London,https://www.sothebys.com/en/buy/auction/2022/royal-noble/portrait-of-a-gentleman
Royal & Noble,https://www.sothebys.com/en/buy/auction/2022/royal-noble,3–20 January 2022,London,https://www.sothebys.com/en/buy/auction/2022/royal-noble/a-george-ii-boxwood-and-ebony-strung-mahogany-tea
Royal & Noble,https://www.sothebys.com/en/buy/auction/2022/royal-noble,3–20 January 2022,London,https://www.sothebys.com/en/buy/auction/2022/royal-noble/equestrian-portrait-of-a-gentleman
Royal & Noble,https://www.sothebys.com/en/buy/auction/2022/royal-noble,3–20 January 2022,London,https://www.sothebys.com/en/buy/auction/2022/royal-noble/portrait-of-a-bearded-soldier-in-classical-armour
Royal & Noble,https://www.sothebys.com/en/buy/auction/2022/royal-noble,3–20 January 2022,London,https://www.sothebys.com/en/buy/auction/2022/royal-noble/a-scottish-george-iii-carved-giltwood-and-gilt
Royal & Noble,https://www.sothebys.com/en/buy/auction/2022/royal-noble,3–20 January 2022,London,https://www.sothebys.com/en/buy/auction/2022/royal-noble/a-bear-hunt
Royal & Noble,https://www.sothebys.com/en/buy/auction/2022/royal-noble,3–20 January 2022,London,https://www.sothebys.com/en/buy/auction/2022/royal-noble/a-chinese-export-lacquer-games-box-early-19th
Royal & Noble,https://www.sothebys.com/en/buy/auction/2022/royal-noble,3–20 January 2022,London,https://www.sothebys.com/en/buy/auction/2022/royal-noble/a-regency-rosewood-crossbanded-ebony-and-boxwood
Royal & Noble,https://www.sothebys.com/en/buy/auction/2022/royal-noble,3–20 January 2022,London,https://www.sothebys.com/en/buy/auction/2022/royal-noble/a-scottish-george-iii-style-pierced-and-engraved
Royal & Noble,https://www.sothebys.com/en/buy/auction/2022/royal-noble,3–20 January 2022,London,https://www.sothebys.com/en/buy/auction/2022/royal-noble/a-japanese-imari-composite-part-service-edo-period
Royal & Noble,https://www.sothebys.com/en/buy/auction/2022/royal-noble,3–20 January 2022,London,https://www.sothebys.com/en/buy/auction/2022/royal-noble/two-imari-vases-and-associated-covers-edo-period
Royal & Noble,https://www.sothebys.com/en/buy/auction/2022/royal-noble,3–20 January 2022,London,https://www.sothebys.com/en/buy/auction/2022/royal-noble/a-large-chinese-export-famille-rose-punch-bowl
Royal & Noble,https://www.sothebys.com/en/buy/auction/2022/royal-noble,3–20 January 2022,London,https://www.sothebys.com/en/buy/auction/2022/royal-noble/a-victorian-hardstone-pebble-mounted-brass
Royal & Noble,https://www.sothebys.com/en/buy/auction/2022/royal-noble,3–20 January 2022,London,https://www.sothebys.com/en/buy/auction/2022/royal-noble/a-pair-of-george-iv-rosewood-card-tables-circa
Royal & Noble,https://www.sothebys.com/en/buy/auction/2022/royal-noble,3–20 January 2022,London,https://www.sothebys.com/en/buy/auction/2022/royal-noble/a-gilt-brass-engraved-gorge-repeating-carriage
Royal & Noble,https://www.sothebys.com/en/buy/auction/2022/royal-noble,3–20 January 2022,London,https://www.sothebys.com/en/buy/auction/2022/royal-noble/a-vincennes-cup-and-saucer-circa-1754-55
Royal & Noble,https://www.sothebys.com/en/buy/auction/2022/royal-noble,3–20 January 2022,London,https://www.sothebys.com/en/buy/auction/2022/royal-noble/a-minton-cabinet-plate-of-sevres-catherine-the
Royal & Noble,https://www.sothebys.com/en/buy/auction/2022/royal-noble,3–20 January 2022,London,https://www.sothebys.com/en/buy/auction/2022/royal-noble/a-sevres-porcelain-cylindrical-cup-and-saucer
Royal & Noble,https://www.sothebys.com/en/buy/auction/2022/royal-noble,3–20 January 2022,London,https://www.sothebys.com/en/buy/auction/2022/royal-noble/a-meissen-kakiemon-part-tea-service-circa-1735
Royal & Noble,https://www.sothebys.com/en/buy/auction/2022/royal-noble,3–20 January 2022,London,https://www.sothebys.com/en/buy/auction/2022/royal-noble/a-sevres-biscuit-figure-group-la-fee-urgele-or-ce
Royal & Noble,https://www.sothebys.com/en/buy/auction/2022/royal-noble,3–20 January 2022,London,https://www.sothebys.com/en/buy/auction/2022/royal-noble/a-coalport-part-dessert-service-circa-1810-20
Royal & Noble,https://www.sothebys.com/en/buy/auction/2022/royal-noble,3–20 January 2022,London,https://www.sothebys.com/en/buy/auction/2022/royal-noble/a-set-of-eighteen-derby-botanical-plates-first
Royal & Noble,https://www.sothebys.com/en/buy/auction/2022/royal-noble,3–20 January 2022,London,https://www.sothebys.com/en/buy/auction/2022/royal-noble/an-english-porcelain-part-dessert-service-possibly
Royal & Noble,https://www.sothebys.com/en/buy/auction/2022/royal-noble,3–20 January 2022,London,https://www.sothebys.com/en/buy/auction/2022/royal-noble/an-engraved-crested-glass-part-table-service-late
Royal & Noble,https://www.sothebys.com/en/buy/auction/2022/royal-noble,3–20 January 2022,London,https://www.sothebys.com/en/buy/auction/2022/royal-noble/imperial-a-fine-set-of-eleven-damask-linen-napkins
Royal & Noble,https://www.sothebys.com/en/buy/auction/2022/royal-noble,3–20 January 2022,London,https://www.sothebys.com/en/buy/auction/2022/royal-noble/an-extensive-continental-porcelain-harlequin-tea
Royal & Noble,https://www.sothebys.com/en/buy/auction/2022/royal-noble,3–20 January 2022,London,https://www.sothebys.com/en/buy/auction/2022/royal-noble/a-vienna-transparent-enamelled-topographical
Royal & Noble,https://www.sothebys.com/en/buy/auction/2022/royal-noble,3–20 January 2022,London,https://www.sothebys.com/en/buy/auction/2022/royal-noble/an-engraved-and-cut-glass-part-table-service-19th
Royal & Noble,https://www.sothebys.com/en/buy/auction/2022/royal-noble,3–20 January 2022,London,https://www.sothebys.com/en/buy/auction/2022/royal-noble/queen-marys-present-an-english-porcelain-turquoise
Royal & Noble,https://www.sothebys.com/en/buy/auction/2022/royal-noble,3–20 January 2022,London,https://www.sothebys.com/en/buy/auction/2022/royal-noble/a-silver-chainmail-drawstring-purse-early-19th
Royal & Noble,https://www.sothebys.com/en/buy/auction/2022/royal-noble,3–20 January 2022,London,https://www.sothebys.com/en/buy/auction/2022/royal-noble/gold-and-gem-set-necklace-mid-19th-century
Royal & Noble,https://www.sothebys.com/en/buy/auction/2022/royal-noble,3–20 January 2022,London,https://www.sothebys.com/en/buy/auction/2022/royal-noble/a-royal-commemorative-gold-ring-circa-1821
Royal & Noble,https://www.sothebys.com/en/buy/auction/2022/royal-noble,3–20 January 2022,London,https://www.sothebys.com/en/buy/auction/2022/royal-noble/an-austro-hungarian-parcel-gilt-silver-polychrome
Royal & Noble,https://www.sothebys.com/en/buy/auction/2022/royal-noble,3–20 January 2022,London,https://www.sothebys.com/en/buy/auction/2022/royal-noble/a-gold-mounted-hardstone-desk-seal-19th-century
Royal & Noble,https://www.sothebys.com/en/buy/auction/2022/royal-noble,3–20 January 2022,London,https://www.sothebys.com/en/buy/auction/2022/royal-noble/a-parcel-gilt-silver-royal-presentation-box
Royal & Noble,https://www.sothebys.com/en/buy/auction/2022/royal-noble,3–20 January 2022,London,https://www.sothebys.com/en/buy/auction/2022/royal-noble/a-pearl-set-gold-brooch-together-with-a-lidded
Royal & Noble,https://www.sothebys.com/en/buy/auction/2022/royal-noble,3–20 January 2022,London,https://www.sothebys.com/en/buy/auction/2022/royal-noble/a-silver-and-tortoiseshell-triple-cased-verge
Royal & Noble,https://www.sothebys.com/en/buy/auction/2022/royal-noble,3–20 January 2022,London,https://www.sothebys.com/en/buy/auction/2022/royal-noble/a-gold-pair-cased-watch-thomas-mudge-and-william
Royal & Noble,https://www.sothebys.com/en/buy/auction/2022/royal-noble,3–20 January 2022,London,https://www.sothebys.com/en/buy/auction/2022/royal-noble/a-gold-pair-cased-cylinder-watch-no-1578-with
Royal & Noble,https://www.sothebys.com/en/buy/auction/2022/royal-noble,3–20 January 2022,London,https://www.sothebys.com/en/buy/auction/2022/royal-noble/a-gold-half-hunting-cased-keyless-duplex-watch-no
Royal & Noble,https://www.sothebys.com/en/buy/auction/2022/royal-noble,3–20 January 2022,London,https://www.sothebys.com/en/buy/auction/2022/royal-noble/a-victorian-oak-silver-chest-19th-century
Royal & Noble,https://www.sothebys.com/en/buy/auction/2022/royal-noble,3–20 January 2022,London,https://www.sothebys.com/en/buy/auction/2022/royal-noble/a-victorian-assembled-suite-of-fireplace-furniture
Royal & Noble,https://www.sothebys.com/en/buy/auction/2022/royal-noble,3–20 January 2022,London,https://www.sothebys.com/en/buy/auction/2022/royal-noble/a-victorian-wire-and-brass-double-railed-nursery
Royal & Noble,https://www.sothebys.com/en/buy/auction/2022/royal-noble,3–20 January 2022,London,https://www.sothebys.com/en/buy/auction/2022/royal-noble/a-victorian-assembled-suite-of-fireplace-furniture-2
Royal & Noble,https://www.sothebys.com/en/buy/auction/2022/royal-noble,3–20 January 2022,London,https://www.sothebys.com/en/buy/auction/2022/royal-noble/a-large-polychrome-and-faux-marbre-painted-etagere
Royal & Noble,https://www.sothebys.com/en/buy/auction/2022/royal-noble,3–20 January 2022,London,https://www.sothebys.com/en/buy/auction/2022/royal-noble/a-glass-and-wrought-iron-standard-lamp-by-parks
Royal & Noble,https://www.sothebys.com/en/buy/auction/2022/royal-noble,3–20 January 2022,London,https://www.sothebys.com/en/buy/auction/2022/royal-noble/a-collection-of-carved-oak-and-walnut
Royal & Noble,https://www.sothebys.com/en/buy/auction/2022/royal-noble,3–20 January 2022,London,https://www.sothebys.com/en/buy/auction/2022/royal-noble/a-pair-of-spanish-simulated-scagliola-and-walnut
Royal & Noble,https://www.sothebys.com/en/buy/auction/2022/royal-noble,3–20 January 2022,London,https://www.sothebys.com/en/buy/auction/2022/royal-noble/a-spanish-carved-mahogany-centre-table-19th
Royal & Noble,https://www.sothebys.com/en/buy/auction/2022/royal-noble,3–20 January 2022,London,https://www.sothebys.com/en/buy/auction/2022/royal-noble/a-spanish-carved-mahogany-cradle-early-19th
Royal & Noble,https://www.sothebys.com/en/buy/auction/2022/royal-noble,3–20 January 2022,London,https://www.sothebys.com/en/buy/auction/2022/royal-noble/a-late-regency-mahogany-extending-dining-table
Royal & Noble,https://www.sothebys.com/en/buy/auction/2022/royal-noble,3–20 January 2022,London,https://www.sothebys.com/en/buy/auction/2022/royal-noble/view-of-heidelberg
Royal & Noble,https://www.sothebys.com/en/buy/auction/2022/royal-noble,3–20 January 2022,London,https://www.sothebys.com/en/buy/auction/2022/royal-noble/a-chinese-export-padouk-ebony-and-satinwood
Royal & Noble,https://www.sothebys.com/en/buy/auction/2022/royal-noble,3–20 January 2022,London,https://www.sothebys.com/en/buy/auction/2022/royal-noble/portraits-of-h-m-s-royal-sovereign-and-h-m-s
Royal & Noble,https://www.sothebys.com/en/buy/auction/2022/royal-noble,3–20 January 2022,London,https://www.sothebys.com/en/buy/auction/2022/royal-noble/portrait-of-arthur-1st-duke-of-wellington-1779
Royal & Noble,https://www.sothebys.com/en/buy/auction/2022/royal-noble,3–20 January 2022,London,https://www.sothebys.com/en/buy/auction/2022/royal-noble/a-collection-of-shipping-scenes
Royal & Noble,https://www.sothebys.com/en/buy/auction/2022/royal-noble,3–20 January 2022,London,https://www.sothebys.com/en/buy/auction/2022/royal-noble/a-pair-of-george-ii-style-patinated-pine-console
Royal & Noble,https://www.sothebys.com/en/buy/auction/2022/royal-noble,3–20 January 2022,London,https://www.sothebys.com/en/buy/auction/2022/royal-noble/a-pair-of-george-iv-gilt-gesso-frames-circa-1825
Royal & Noble,https://www.sothebys.com/en/buy/auction/2022/royal-noble,3–20 January 2022,London,https://www.sothebys.com/en/buy/auction/2022/royal-noble/paris-en-ballon-a-pair
Royal & Noble,https://www.sothebys.com/en/buy/auction/2022/royal-noble,3–20 January 2022,London,https://www.sothebys.com/en/buy/auction/2022/royal-noble/cristo-morto
Royal & Noble,https://www.sothebys.com/en/buy/auction/2022/royal-noble,3–20 January 2022,London,https://www.sothebys.com/en/buy/auction/2022/royal-noble/oliver-cromwell-plaster-cast-death-mask
